country_code,region_code,region_name
AD,02,Canillo
AD,03,Encamp
AD,04,La Massana
AD,05,Ordino
AD,06,Sant Julià de Lòria
AD,07,Andorra la Vella
AD,08,Escaldes-Engordany
AE,AJ,'Ajmān
AE,AZ,Abū Ȥaby [Abu Dhabi]
AE,DU,Dubayy
AE,FU,Al Fujayrah
AE,RK,Ra’s al Khaymah
AE,SH,Ash Shāriqah
AE,UQ,Umm al Qaywayn
AF,BAL,Balkh
AF,BAM,Bāmyān
AF,BDG,Bādghīs
AF,BDS,Badakhshān
AF,BGL,Baghlān
AF,DAY,Dāykundī
AF,FRA,Farāh
AF,FYB,Fāryāb
AF,GHA,Ghaznī
AF,GHO,Ghōr
AF,HEL,Helmand
AF,HER,Herāt
AF,JOW,Jowzjān
AF,KAB,Kābul
AF,KAN,Kandahār
AF,KAP,Kāpīsā
AF,KDZ,Kunduz
AF,KHO,Khōst
AF,KNR,Kunar
AF,LAG,Laghmān
AF,LOG,Lōgar
AF,NAN,Nangarhār
AF,NIM,Nīmrōz
AF,NUR,Nūristān
AF,PAN,Panjshayr
AF,PAR,Parwān
AF,PIA,Paktiyā
AF,PKA,Paktīkā
AF,SAM,Samangān
AF,SAR,Sar-e Pul
AF,TAK,Takhār
AF,URU,Uruzgān
AF,WAR,Wardak
AF,ZAB,Zābul
AG,03,Saint George
AG,04,Saint John
AG,05,Saint Mary
AG,06,Saint Paul
AG,07,Saint Peter
AG,08,Saint Philip
AG,10,Barbuda
AG,11,Redonda
AL,01,Berat
AL,02,Durrës
AL,03,Elbasan
AL,04,Fier
AL,05,Gjirokastër
AL,06,Korçë
AL,07,Kukës
AL,08,Lezhë
AL,09,Dibër
AL,10,Shkodër
AL,11,Tiranë
AL,12,Vlorë
AM,AG,Aragacotn
AM,AR,Ararat
AM,AV,Armavir
AM,ER,Erevan
AM,GR,Gegarkunik'
AM,KT,Kotayk'
AM,LO,Lory
AM,SH,Sirak
AM,SU,Syunik'
AM,TV,Tavus
AM,VD,Vayoc Jor
AO,BGO,Bengo
AO,BGU,Benguela
AO,BIE,Bié
AO,CAB,Cabinda
AO,CCU,Cuando-Cubango
AO,CNN,Cunene
AO,CNO,Cuanza Norte
AO,CUS,Cuanza Sul
AO,HUA,Huambo
AO,HUI,Huíla
AO,LNO,Lunda Norte
AO,LSU,Lunda Sul
AO,LUA,Luanda
AO,MAL,Malange
AO,MOX,Moxico
AO,NAM,Namibe
AO,UIG,Uíge
AO,ZAI,Zaire
AR,A,Salta
AR,B,Buenos Aires
AR,C,Ciudad Autónoma de Buenos Aires
AR,D,San Luis
AR,E,Entre Rios
AR,G,Santiago del Estero
AR,H,Chaco
AR,J,San Juan
AR,K,Catamarca
AR,L,La Pampa
AR,M,Mendoza
AR,N,Misiones
AR,P,Formosa
AR,Q,Neuquen
AR,R,Rio Negro
AR,S,Santa Fe
AR,T,Tucuman
AR,U,Chubut
AR,V,Tierra del Fuego
AR,W,Corrientes
AR,X,Cordoba
AR,Y,Jujuy
AR,Z,Santa Cruz
AR,F,La Rioja
AT,1,Burgenland
AT,2,Kärnten
AT,3,Niederösterreich
AT,4,Oberösterreich
AT,5,Salzburg
AT,6,Steiermark
AT,7,Tirol
AT,8,Vorarlberg
AT,9,Wien
AU,ACT,Australian Capital Territory
AU,NSW,New South Wales
AU,NT,Northern Territory
AU,QLD,Queensland
AU,SA,South Australia
AU,TAS,Tasmania
AU,VIC,Victoria
AU,WA,Western Australia
AZ,ABS,Abşeron
AZ,AGA,Ağstafa
AZ,AGC,Ağcabədi
AZ,AGM,Ağdam
AZ,AGS,Ağdaş
AZ,AGU,Ağsu
AZ,AST,Astara
AZ,BA,Bakı
AZ,BAL,Balakən
AZ,BAR,Bərdə
AZ,BEY,Beyləqan
AZ,BIL,Biləsuvar
AZ,CAB,Cəbrayıl
AZ,CAL,Cəlilabab
AZ,DAS,Daşkəsən
AZ,FUZ,Füzuli
AZ,GA,Gəncə
AZ,GAD,Gədəbəy
AZ,GOR,Goranboy
AZ,GOY,Göyçay
AZ,GYG,Göygöl
AZ,HAC,Hacıqabul
AZ,IMI,İmişli
AZ,ISM,İsmayıllı
AZ,KAL,Kəlbəcər
AZ,KUR,Kürdəmir
AZ,LA,Lənkəran
AZ,LAC,Laçın
AZ,LAN,Lənkəran
AZ,LER,Lerik
AZ,MAS,Masallı
AZ,MI,Mingəçevir
AZ,NA,Naftalan
AZ,NEF,Neftçala
AZ,NX,Naxçıvan
AZ,OGU,Oğuz
AZ,QAB,Qəbələ
AZ,QAX,Qax
AZ,QAZ,Qazax
AZ,QBA,Quba
AZ,QBI,Qubadlı
AZ,QOB,Qobustan
AZ,QUS,Qusar
AZ,SA,Şəki
AZ,SAB,Sabirabad
AZ,SAK,Şəki
AZ,SAL,Salyan
AZ,SAT,Saatlı
AZ,SBN,Şabran
AZ,SIY,Siyəzən
AZ,SKR,Şəmkir
AZ,SM,Sumqayıt
AZ,SMI,Şamaxı
AZ,SMX,Samux
AZ,SR,Şirvan
AZ,SUS,Şuşa
AZ,TAR,Tərtər
AZ,TOV,Tovuz
AZ,UCA,Ucar
AZ,XA,Xankəndi
AZ,XAC,Xaçmaz
AZ,XCI,Xocalı
AZ,XIZ,Xızı
AZ,XVD,Xocavənd
AZ,YAR,Yardımlı
AZ,YE,Yevlax
AZ,YEV,Yevlax
AZ,ZAN,Zəngilan
AZ,ZAQ,Zaqatala
AZ,ZAR,Zərdab
BA,BIH,Federacija Bosne i Hercegovine
BA,BRC,Brčko distrikt
BA,SRP,Republika Srpska
BB,01,Christ Church
BB,02,Saint Andrew
BB,03,Saint George
BB,04,Saint James
BB,05,Saint John
BB,06,Saint Joseph
BB,07,Saint Lucy
BB,08,Saint Michael
BB,09,Saint Peter
BB,10,Saint Philip
BB,11,Saint Thomas
BD,A,Barisal
BD,B,Chittagong
BD,C,Dhaka
BD,D,Khulna
BD,E,Rajshahi
BD,F,Rangpur
BD,G,Sylhet
BD,7,Rangpur bibhag
BE,BRU,Brussels-Capital Region
BE,VLG,Flemish Region
BE,WAL,Walloon Region
BF,01,Boucle du Mouhoun
BF,02,Cascades
BF,03,Centre
BF,04,Centre-Est
BF,05,Centre-Nord
BF,06,Centre-Ouest
BF,07,Centre-Sud
BF,08,Est
BF,09,Hauts-Bassins
BF,10,Nord
BF,11,Plateau-Central
BF,12,Sahel
BF,13,Sud-Ouest
BG,01,Blagoevgrad
BG,02,Burgas
BG,03,Varna
BG,04,Veliko Tarnovo
BG,05,Vidin
BG,06,Vratsa
BG,07,Gabrovo
BG,08,Dobrich
BG,09,Kardzhali
BG,10,Kyustendil
BG,11,Lovech
BG,12,Montana
BG,13,Pazardzhik
BG,14,Pernik
BG,15,Pleven
BG,16,Plovdiv
BG,17,Razgrad
BG,18,Ruse
BG,19,Silistra
BG,20,Sliven
BG,21,Smolyan
BG,22,Sofia-Grad
BG,23,Sofia
BG,24,Stara Zagora
BG,25,Targovishte
BG,26,Haskovo
BG,27,Shumen
BG,28,Yambol
BH,13,Al Manāmah (Al ‘Āşimah)
BH,14,Al Janūbīyah
BH,15,Al Muḩarraq
BH,16,Al Wusţá
BH,17,Ash Shamālīyah
BI,BB,Bubanza
BI,BL,Bujumbura Rural
BI,BM,Bujumbura Mairie
BI,BR,Bururi
BI,CA,Cankuzo
BI,CI,Cibitoke
BI,GI,Gitega
BI,KI,Kirundo
BI,KR,Karuzi
BI,KY,Kayanza
BI,MA,Makamba
BI,MU,Muramvya
BI,MW,Mwaro
BI,NG,Ngozi
BI,RT,Rutana
BI,RY,Ruyigi
BJ,AK,Atakora
BJ,AL,Alibori
BJ,AQ,Atlantique
BJ,BO,Borgou
BJ,CO,Collines
BJ,DO,Donga
BJ,KO,Kouffo
BJ,LI,Littoral
BJ,MO,Mono
BJ,OU,Ouémé
BJ,PL,Plateau
BJ,ZO,Zou
BM,DEV,Devenshire
BM,HAM,Hamilton
BM,PAG,Paget
BM,PEM,Pembroke
BM,SGE,Saint George's
BM,SAN,Sandys
BM,SMI,Smiths
BM,SOU,Southampton
BM,WAR,Warwick
BN,BE,Belait
BN,BM,Brunei-Muara
BN,TE,Temburong
BN,TU,Tutong
BO,B,El Beni
BO,C,Cochabamba
BO,H,Chuquisaca
BO,L,La Paz
BO,N,Pando
BO,O,Oruro
BO,P,Potosí
BO,S,Santa Cruz
BO,T,Tarija
BQ,BO,Bonaire
BQ,SA,Saba
BQ,SE,Sint Eustatius
BR,AC,Acre
BR,AL,Alagoas
BR,AM,Amazonas
BR,AP,Amapá
BR,BA,Bahia
BR,CE,Ceará
BR,DF,Distrito Federal
BR,ES,Espírito Santo
BR,GO,Goiás
BR,MA,Maranhão
BR,MG,Minas Gerais
BR,MS,Mato Grosso do Sul
BR,MT,Mato Grosso
BR,PA,Pará
BR,PB,Paraíba
BR,PE,Pernambuco
BR,PI,Piauí
BR,PR,Paraná
BR,RJ,Rio de Janeiro
BR,RN,Rio Grande do Norte
BR,RO,Rondônia
BR,RR,Roraima
BR,RS,Rio Grande do Sul
BR,SC,Santa Catarina
BR,SE,Sergipe
BR,SP,São Paulo
BR,TO,Tocantins
BS,AK,Acklins
BS,BI,Bimini
BS,BP,Black Point
BS,BY,Berry Islands
BS,CE,Central Eleuthera
BS,CI,Cat Island
BS,CK,Crooked Island and Long Cay
BS,CO,Central Abaco
BS,CS,Central Andros
BS,EG,East Grand Bahama
BS,EX,Exuma
BS,FP,City of Freeport
BS,GC,Grand Cay
BS,HI,Harbour Island
BS,HT,Hope Town
BS,IN,Inagua
BS,LI,Long Island
BS,MC,Mangrove Cay
BS,MG,Mayaguana
BS,MI,Moore's Island
BS,NE,North Eleuthera
BS,NO,North Abaco
BS,NS,North Andros
BS,RC,Rum Cay
BS,RI,Ragged Island
BS,SA,South Andros
BS,SE,South Eleuthera
BS,SO,South Abaco
BS,SS,San Salvador
BS,SW,Spanish Wells
BS,WG,West Grand Bahama
BT,11,Paro
BT,12,Chhukha
BT,13,Ha
BT,14,Samtee
BT,15,Thimphu
BT,21,Tsirang
BT,22,Dagana
BT,23,Punakha
BT,24,Wangdue Phodrang
BT,31,Sarpang
BT,32,Trongsa
BT,33,Bumthang
BT,34,Zhemgang
BT,41,Trashigang
BT,42,Monggar
BT,43,Pemagatshel
BT,44,Lhuentse
BT,45,Samdrup Jongkha
BT,GA,Gasa
BT,TY,Trashi Yangtse
BW,CE,Central
BW,GH,Ghanzi
BW,KG,Kgalagadi
BW,KL,Kgatleng
BW,KW,Kweneng
BW,NE,North-East
BW,NW,North-West
BW,SE,South-East
BW,SO,Southern
BY,BR,Brèsckaja voblasc'
BY,HM,Horad Minsk
BY,HO,Homel'skaja voblasc'
BY,HR,Hrodzenskaja voblasc'
BY,MA,Mahilëuskaja voblasc'
BY,MI,Minskaja voblasc'
BY,VI,Vicebskaja voblasc'
BZ,BZ,Belize
BZ,CY,Cayo
BZ,CZL,Corozal
BZ,OW,Orange Walk
BZ,SC,Stann Creek
BZ,TOL,Toledo
CA,AB,Alberta
CA,BC,British Columbia
CA,MB,Manitoba
CA,NB,New Brunswick
CA,NL,Newfoundland and Labrador
CA,NS,Nova Scotia
CA,NT,Northwest Territories
CA,NU,Nunavut
CA,ON,Ontario
CA,PE,Prince Edward Island
CA,QC,Quebec
CA,SK,Saskatchewan
CA,YT,Yukon Territory
CD,BC,Bas-Congo
CD,BN,Bandundu
CD,EQ,Équateur
CD,KA,Katanga
CD,KE,Kasai-Oriental
CD,KN,Kinshasa
CD,KW,Kasai-Occidental
CD,MA,Maniema
CD,NK,Nord-Kivu
CD,OR,Orientale
CD,SK,Sud-Kivu
CF,AC,Ouham
CF,BB,Bamingui-Bangoran
CF,BGF,Bangui
CF,BK,Basse-Kotto
CF,HK,Haute-Kotto
CF,HM,Haut-Mbomou
CF,HS,Haute-Sangha / Mambéré-Kadéï
CF,KB,Gribingui
CF,KG,Kémo-Gribingui
CF,LB,Lobaye
CF,MB,Mbomou
CF,MP,Ombella-M'poko
CF,NM,Nana-Mambéré
CF,OP,Ouham-Pendé
CF,SE,Sangha
CF,UK,Ouaka
CF,VK,Vakaga
CG,11,Bouenza
CG,12,Pool
CG,13,Sangha
CG,14,Plateaux
CG,15,Cuvette-Ouest
CG,2,Lékoumou
CG,5,Kouilou
CG,7,Likouala
CG,8,Cuvette
CG,9,Niari
CG,BZV,Brazzaville
CH,AG,Aargau
CH,AI,Appenzell Innerrhoden
CH,AR,Appenzell Ausserrhoden
CH,BE,Bern
CH,BL,Basel-Landschaft
CH,BS,Basel-Stadt
CH,FR,Fribourg
CH,GE,Genève
CH,GL,Glarus
CH,GR,Graubünden
CH,JU,Jura
CH,LU,Luzern
CH,NE,Neuchâtel
CH,NW,Nidwalden
CH,OW,Obwalden
CH,SG,Sankt Gallen
CH,SH,Schaffhausen
CH,SO,Solothurn
CH,SZ,Schwyz
CH,TG,Thurgau
CH,TI,Ticino
CH,UR,Uri
CH,VD,Vaud
CH,VS,Valais
CH,ZG,Zug
CH,ZH,Zürich
CI,01,Lagunes (Région des)
CI,02,Haut-Sassandra (Région du)
CI,03,Savanes (Région des)
CI,04,Vallée du Bandama (Région de la)
CI,05,Moyen-Comoé (Région du)
CI,06,18 Montagnes (Région des)
CI,07,Lacs (Région des)
CI,08,Zanzan (Région du)
CI,09,Bas-Sassandra (Région du)
CI,10,Denguélé (Région du)
CI,11,Nzi-Comoé (Région)
CI,12,Marahoué (Région de la)
CI,13,Sud-Comoé (Région du)
CI,14,Worodouqou (Région du)
CI,15,Sud-Bandama (Région du)
CI,16,Agnébi (Région de l')
CI,17,Bafing (Région du)
CI,18,Fromager (Région du)
CI,19,Moyen-Cavally (Région du)
CL,AI,Aisén del General Carlos Ibáñez del Campo
CL,AN,Antofagasta
CL,AP,Arica y Parinacota
CL,AR,Araucanía
CL,AT,Atacama
CL,BI,Bío-Bío
CL,CO,Coquimbo
CL,LI,Libertador General Bernardo O'Higgins
CL,LL,Los Lagos
CL,LR,Los Ríos
CL,MA,Magallanes y Antártica Chilena
CL,ML,Maule
CL,RM,Región Metropolitana de Santiago
CL,TA,Tarapacá
CL,VS,Valparaíso
CM,AD,Adamaoua
CM,CE,Centre
CM,EN,Far North
CM,ES,East
CM,LT,Littoral
CM,NO,North
CM,NW,North-West (Cameroon)
CM,OU,West
CM,SU,South
CM,SW,South-West
CN,AH,Anhui Sheng
CN,BJ,Beijing Shi
CN,CQ,Chongqing Shi
CN,FJ,Fujian Sheng
CN,GD,Guangdong Sheng
CN,GS,Gansu Sheng
CN,GX,Guangxi Zhuangzu Zizhiqu
CN,GZ,Guizhou Sheng
CN,HA,Henan Sheng
CN,HB,Hubei Sheng
CN,HE,Hebei Sheng
CN,HI,Hainan Sheng
CN,HK,Hong Kong SAR (see also separate country code entry under HK)
CN,HL,Heilongjiang Sheng
CN,HN,Hunan Sheng
CN,JL,Jilin Sheng
CN,JS,Jiangsu Sheng
CN,JX,Jiangxi Sheng
CN,LN,Liaoning Sheng
CN,MO,Macao SAR (see also separate country code entry under MO)
CN,NM,Nei Mongol Zizhiqu
CN,NX,Ningxia Huizi Zizhiqu
CN,QH,Qinghai Sheng
CN,SC,Sichuan Sheng
CN,SD,Shandong Sheng
CN,SH,Shanghai Shi
CN,SN,Shaanxi Sheng
CN,SX,Shanxi Sheng
CN,TJ,Tianjin Shi
CN,TW,Taiwan Sheng (see also separate country code entry under TW)
CN,XJ,Xinjiang Uygur Zizhiqu
CN,XZ,Xizang Zizhiqu
CN,YN,Yunnan Sheng
CN,ZJ,Zhejiang Sheng
CO,AMA,Amazonas
CO,ANT,Antioquia
CO,ARA,Arauca
CO,ATL,Atlántico
CO,BOL,Bolívar
CO,BOY,Boyacá
CO,CAL,Caldas
CO,CAQ,Caquetá
CO,CAS,Casanare
CO,CAU,Cauca
CO,CES,Cesar
CO,CHO,Chocó
CO,COR,Córdoba
CO,CUN,Cundinamarca
CO,DC,Distrito Capital de Bogotá
CO,GUA,Guainía
CO,GUV,Guaviare
CO,HUI,Huila
CO,LAG,La Guajira
CO,MAG,Magdalena
CO,MET,Meta
CO,NAR,Nariño
CO,NSA,Norte de Santander
CO,PUT,Putumayo
CO,QUI,Quindío
CO,RIS,Risaralda
CO,SAN,Santander
CO,SAP,"San Andrés, Providencia y Santa Catalina"
CO,SUC,Sucre
CO,TOL,Tolima
CO,VAC,Valle del Cauca
CO,VAU,Vaupés
CO,VID,Vichada
CR,A,Alajuela
CR,C,Cartago
CR,G,Guanacaste
CR,H,Heredia
CR,L,Limón
CR,P,Puntarenas
CR,SJ,San José
CU,01,Pinar del Rio
CU,02,La Habana
CU,03,Ciudad de La Habana
CU,04,Matanzas
CU,05,Villa Clara
CU,06,Cienfuegos
CU,07,Sancti Spíritus
CU,08,Ciego de Ávila
CU,09,Camagüey
CU,10,Las Tunas
CU,11,Holguín
CU,12,Granma
CU,13,Santiago de Cuba
CU,14,Guantánamo
CU,99,Isla de la Juventud
CV,B,Ilhas de Barlavento
CV,S,Ilhas de Sotavento
CY,01,Lefkosía
CY,02,Lemesós
CY,03,Lárnaka
CY,04,Ammóchostos
CY,05,Páfos
CY,06,Kerýneia
CZ,10,"Praha, Hlavní mešto"
CZ,20,Středočeský kraj
CZ,31,Jihočeský kraj
CZ,32,Plzeňský kraj
CZ,41,Karlovarský kraj
CZ,42,Ústecký kraj
CZ,51,Liberecký kraj
CZ,52,Královéhradecký kraj
CZ,53,Pardubický kraj
CZ,63,Kraj Vysočina
CZ,64,Jihomoravský kraj
CZ,71,Olomoucký kraj
CZ,72,Zlínský kraj
CZ,80,Moravskoslezský kraj
DE,BB,Brandenburg
DE,BE,Berlin
DE,BW,Baden-Württemberg
DE,BY,Bayern
DE,HB,Bremen
DE,HE,Hessen
DE,HH,Hamburg
DE,MV,Mecklenburg-Vorpommern
DE,NI,Niedersachsen
DE,NW,Nordrhein-Westfalen
DE,RP,Rheinland-Pfalz
DE,SH,Schleswig-Holstein
DE,SL,Saarland
DE,SN,Sachsen
DE,ST,Sachsen-Anhalt
DE,TH,Thüringen
DJ,AR,Arta
DJ,AS,Ali Sabieh
DJ,DI,Dikhil
DJ,DJ,Djibouti
DJ,OB,Obock
DJ,TA,Tadjourah
DK,81,Nordjylland
DK,82,Midtjylland
DK,83,Syddanmark
DK,84,Hovedstaden
DK,85,Sjælland
DM,01,Saint Peter
DM,02,Saint Andrew
DM,03,Saint David
DM,04,Saint George
DM,05,Saint John
DM,06,Saint Joseph
DM,07,Saint Luke
DM,08,Saint Mark
DM,09,Saint Patrick
DM,10,Saint Paul
DO,01,Distrito Nacional (Santo Domingo)
DO,02,Azua
DO,03,Bahoruco
DO,04,Barahona
DO,05,Dajabón
DO,06,Duarte
DO,07,La Estrelleta [Elías Piña]
DO,08,El Seybo [El Seibo]
DO,09,Espaillat
DO,10,Independencia
DO,11,La Altagracia
DO,12,La Romana
DO,13,La Vega
DO,14,María Trinidad Sánchez
DO,15,Monte Cristi
DO,16,Pedernales
DO,17,Peravia
DO,18,Puerto Plata
DO,19,Salcedo
DO,20,Samaná
DO,21,San Cristóbal
DO,22,San Juan
DO,23,San Pedro de Macorís
DO,24,Sánchez Ramírez
DO,25,Santiago
DO,26,Santiago Rodríguez
DO,27,Valverde
DO,28,Monseñor Nouel
DO,29,Monte Plata
DO,30,Hato Mayor
DZ,01,Adrar
DZ,02,Chlef
DZ,03,Laghouat
DZ,04,Oum el Bouaghi
DZ,05,Batna
DZ,06,Béjaïa
DZ,07,Biskra
DZ,08,Béchar
DZ,09,Blida
DZ,10,Bouira
DZ,11,Tamanghasset
DZ,12,Tébessa
DZ,13,Tlemcen
DZ,14,Tiaret
DZ,15,Tizi Ouzou
DZ,16,Alger
DZ,17,Djelfa
DZ,18,Jijel
DZ,19,Sétif
DZ,20,Saïda
DZ,21,Skikda
DZ,22,Sidi Bel Abbès
DZ,23,Annaba
DZ,24,Guelma
DZ,25,Constantine
DZ,26,Médéa
DZ,27,Mostaganem
DZ,28,Msila
DZ,29,Mascara
DZ,30,Ouargla
DZ,31,Oran
DZ,32,El Bayadh
DZ,33,Illizi
DZ,34,Bordj Bou Arréridj
DZ,35,Boumerdès
DZ,36,El Tarf
DZ,37,Tindouf
DZ,38,Tissemsilt
DZ,39,El Oued
DZ,40,Khenchela
DZ,41,Souk Ahras
DZ,42,Tipaza
DZ,43,Mila
DZ,44,Aïn Defla
DZ,45,Naama
DZ,46,Aïn Témouchent
DZ,47,Ghardaïa
DZ,48,Relizane
EC,A,Azuay
EC,B,Bolívar
EC,C,Carchi
EC,D,Orellana
EC,E,Esmeraldas
EC,F,Cañar
EC,G,Guayas
EC,H,Chimborazo
EC,I,Imbabura
EC,L,Loja
EC,M,Manabí
EC,N,Napo
EC,O,El Oro
EC,P,Pichincha
EC,R,Los Ríos
EC,S,Morona-Santiago
EC,SD,Santo Domingo de los Tsáchilas
EC,SE,Santa Elena
EC,T,Tungurahua
EC,U,Sucumbíos
EC,W,Galápagos
EC,X,Cotopaxi
EC,Y,Pastaza
EC,Z,Zamora-Chinchipe
EE,37,Harjumaa
EE,39,Hiiumaa
EE,44,Ida-Virumaa
EE,49,Jõgevamaa
EE,51,Järvamaa
EE,57,Läänemaa
EE,59,Lääne-Virumaa
EE,65,Põlvamaa
EE,67,Pärnumaa
EE,70,Raplamaa
EE,74,Saaremaa
EE,78,Tartumaa
EE,82,Valgamaa
EE,84,Viljandimaa
EE,86,Võrumaa
EG,ALX,Al Iskandarīyah
EG,ASN,Aswān
EG,AST,Asyūt
EG,BA,Al Bahr al Ahmar
EG,BH,Al Buhayrah
EG,BNS,Banī Suwayf
EG,C,Al Qāhirah
EG,DK,Ad Daqahlīyah
EG,DT,Dumyāt
EG,FYM,Al Fayyūm
EG,GH,Al Gharbīyah
EG,GZ,Al Jīzah
EG,HU,Ḩulwān
EG,IS,Al Ismā`īlīyah
EG,JS,Janūb Sīnā'
EG,KB,Al Qalyūbīyah
EG,KFS,Kafr ash Shaykh
EG,KN,Qinā
EG,MN,Al Minyā
EG,MNF,Al Minūfīyah
EG,MT,Matrūh
EG,PTS,Būr Sa`īd
EG,SHG,Sūhāj
EG,SHR,Ash Sharqīyah
EG,SIN,Shamal Sīnā'
EG,SU,As Sādis min Uktūbar
EG,SUZ,As Suways
EG,WAD,Al Wādī al Jadīd
ER,AN,Ansabā
ER,DK,Janūbī al Baḩrī al Aḩmar
ER,DU,Al Janūbī
ER,GB,Qāsh-Barkah
ER,MA,Al Awsaţ
ER,SK,Shimālī al Baḩrī al Aḩmar
ES,AN,Andalucía
ES,AR,Aragón
ES,AS,"Asturias, Principado de"
ES,CB,Cantabria
ES,CE,Ceuta
ES,CL,Castilla y León
ES,CM,Castilla-La Mancha
ES,CN,Canarias
ES,CT,Catalunya
ES,EX,Extremadura
ES,GA,Galicia
ES,IB,Illes Balears
ES,MC,"Murcia, Región de"
ES,MD,"Madrid, Comunidad de"
ES,ML,Melilla
ES,NC,"Navarra, Comunidad Foral de / Nafarroako Foru Komunitatea"
ES,PV,País Vasco / Euskal Herria
ES,RI,La Rioja
ES,VC,"Valenciana, Comunidad / Valenciana, Comunitat"
ET,AA,Ādīs Ābeba
ET,AF,Āfar
ET,AM,Āmara
ET,BE,Bīnshangul Gumuz
ET,DD,Dirē Dawa
ET,GA,Gambēla Hizboch
ET,HA,Hārerī Hizb
ET,OR,Oromīya
ET,SN,YeDebub Bihēroch Bihēreseboch na Hizboch
ET,SO,Sumalē
ET,TI,Tigray
FI,01,Ahvenanmaan maakunta
FI,02,Etelä-Karjala
FI,03,Etelä-Pohjanmaa
FI,04,Etelä-Savo
FI,05,Kainuu
FI,06,Kanta-Häme
FI,07,Keski-Pohjanmaa
FI,08,Keski-Suomi
FI,09,Kymenlaakso
FI,10,Lappi
FI,11,Pirkanmaa
FI,12,Pohjanmaa
FI,13,Pohjois-Karjala
FI,14,Pohjois-Pohjanmaa
FI,15,Pohjois-Savo
FI,16,Päijät-Häme
FI,17,Satakunta
FI,18,Uusimaa
FI,19,Varsinais-Suomi
FJ,C,Central
FJ,E,Eastern
FJ,N,Northern
FJ,R,Rotuma
FJ,W,Western
FM,KSA,Kosrae
FM,PNI,Pohnpei
FM,TRK,Chuuk
FM,YAP,Yap
FR,ARA,Auvergne-Rhône-Alpes
FR,BFC,Bourgogne-Franche-Comté
FR,BL,Saint-Barthélemy
FR,BRE,Bretagne
FR,COR,Corse
FR,CP,Clipperton
FR,CVL,Centre-Val de Loire
FR,GES,Grand-Est
FR,GF,Guyane (française)
FR,GUA,Guadeloupe
FR,HDF,Hauts-de-France
FR,IDF,Île-de-France
FR,LRE,La Réunion
FR,MAY,Mayotte
FR,MF,Saint-Martin
FR,MQ,Martinique
FR,NAQ,Nouvelle-Aquitaine
FR,NC,Nouvelle-Calédonie
FR,NOR,Normandie
FR,OCC,Occitanie
FR,PAC,Provence-Alpes-Côte-d’Azur
FR,PDL,Pays-de-la-Loire
FR,PF,Polynésie française
FR,PM,Saint-Pierre-et-Miquelon
FR,TF,Terres australes françaises
FR,WF,Wallis-et-Futuna
GA,1,Estuaire
GA,2,Haut-Ogooué
GA,3,Moyen-Ogooué
GA,4,Ngounié
GA,5,Nyanga
GA,6,Ogooué-Ivindo
GA,7,Ogooué-Lolo
GA,8,Ogooué-Maritime
GA,9,Woleu-Ntem
GB,EAW,England and Wales
GB,ENG,England
GB,GBN,Great Britain
GB,NIR,Northern Ireland
GB,SCT,Scotland
GB,UKM,United Kingdom
GB,WLS,Wales; Cymru
GD,01,Saint Andrew
GD,02,Saint David
GD,03,Saint George
GD,04,Saint John
GD,05,Saint Mark
GD,06,Saint Patrick
GD,10,Southern Grenadine Islands
GE,AB,Abkhazia
GE,AJ,Ajaria
GE,GU,Guria
GE,IM,Imeret’i
GE,KA,Kakhet’i
GE,KK,K’vemo K’art’li
GE,MM,Mts’khet’a-Mt’ianet’i
GE,RL,Racha-Lech’khumi-K’vemo Svanet’i
GE,SJ,Samts’khe-Javakhet’i
GE,SK,Shida K’art’li
GE,SZ,Samegrelo-Zemo Svanet’i
GE,TB,T’bilisi
GH,AA,Greater Accra
GH,AH,Ashanti
GH,BA,Brong-Ahafo
GH,CP,Central
GH,EP,Eastern
GH,NP,Northern
GH,TV,Volta
GH,UE,Upper East
GH,UW,Upper West
GH,WP,Western
GL,KU,Kommune Kujalleq
GL,QA,Qaasuitsup Kommunia
GL,QE,Qeqqata Kommunia
GL,SM,Kommuneqarfik Sermersooq
GM,B,Banjul
GM,L,Lower River
GM,M,Central River
GM,N,North Bank
GM,U,Upper River
GM,W,Western
GN,B,Boké
GN,C,Conakry
GN,D,Kindia
GN,F,Faranah
GN,K,Kankan
GN,L,Labé
GN,M,Mamou
GN,N,Nzérékoré
GQ,C,Región Continental
GQ,I,Región Insular
GR,69,Agio Oros
GR,A,Anatoliki Makedonia kai Thraki
GR,B,Kentriki Makedonia
GR,C,Dytiki Makedonia
GR,D,Ipeiros
GR,E,Thessalia
GR,F,Ionia Nisia
GR,G,Dytiki Ellada
GR,H,Sterea Ellada
GR,I,Attiki
GR,J,Peloponnisos
GR,K,Voreio Aigaio
GR,L,Notio Aigaio
GR,M,Kriti
GT,AV,Alta Verapaz
GT,BV,Baja Verapaz
GT,CM,Chimaltenango
GT,CQ,Chiquimula
GT,ES,Escuintla
GT,GU,Guatemala
GT,HU,Huehuetenango
GT,IZ,Izabal
GT,JA,Jalapa
GT,JU,Jutiapa
GT,PE,Petén
GT,PR,El Progreso
GT,QC,Quiché
GT,QZ,Quetzaltenango
GT,RE,Retalhuleu
GT,SA,Sacatepéquez
GT,SM,San Marcos
GT,SO,Sololá
GT,SR,Santa Rosa
GT,SU,Suchitepéquez
GT,TO,Totonicapán
GT,ZA,Zacapa
GW,BS,Bissau
GW,L,Leste
GW,N,Norte
GW,S,Sul
GY,BA,Barima-Waini
GY,CU,Cuyuni-Mazaruni
GY,DE,Demerara-Mahaica
GY,EB,East Berbice-Corentyne
GY,ES,Essequibo Islands-West Demerara
GY,MA,Mahaica-Berbice
GY,PM,Pomeroon-Supenaam
GY,PT,Potaro-Siparuni
GY,UD,Upper Demerara-Berbice
GY,UT,Upper Takutu-Upper Essequibo
HN,AT,Atlántida
HN,CH,Choluteca
HN,CL,Colón
HN,CM,Comayagua
HN,CP,Copán
HN,CR,Cortés
HN,EP,El Paraíso
HN,FM,Francisco Morazán
HN,GD,Gracias a Dios
HN,IB,Islas de la Bahía
HN,IN,Intibucá
HN,LE,Lempira
HN,LP,La Paz
HN,OC,Ocotepeque
HN,OL,Olancho
HN,SB,Santa Bárbara
HN,VA,Valle
HN,YO,Yoro
HR,01,Zagrebačka županija
HR,02,Krapinsko-zagorska županija
HR,03,Sisačko-moslavačka županija
HR,04,Karlovačka županija
HR,05,Varaždinska županija
HR,06,Koprivničko-križevačka županija
HR,07,Bjelovarsko-bilogorska županija
HR,08,Primorsko-goranska županija
HR,09,Ličko-senjska županija
HR,10,Virovitičko-podravska županija
HR,11,Požeško-slavonska županija
HR,12,Brodsko-posavska županija
HR,13,Zadarska županija
HR,14,Osječko-baranjska županija
HR,15,Šibensko-kninska županija
HR,16,Vukovarsko-srijemska županija
HR,17,Splitsko-dalmatinska županija
HR,18,Istarska županija
HR,19,Dubrovačko-neretvanska županija
HR,20,Međimurska županija
HR,21,Grad Zagreb
HT,AR,Artibonite
HT,CE,Centre
HT,GA,Grande-Anse
HT,ND,Nord
HT,NE,Nord-Est
HT,NO,Nord-Ouest
HT,OU,Ouest
HT,SD,Sud
HT,SE,Sud-Est
HU,BA,Baranya
HU,BC,Békéscsaba
HU,BE,Békés
HU,BK,Bács-Kiskun
HU,BU,Budapest
HU,BZ,Borsod-Abaúj-Zemplén
HU,CS,Csongrád
HU,DE,Debrecen
HU,DU,Dunaújváros
HU,EG,Eger
HU,ER,Érd
HU,FE,Fejér
HU,GS,Győr-Moson-Sopron
HU,GY,Győr
HU,HB,Hajdú-Bihar
HU,HE,Heves
HU,HV,Hódmezővásárhely
HU,JN,Jász-Nagykun-Szolnok
HU,KE,Komárom-Esztergom
HU,KM,Kecskemét
HU,KV,Kaposvár
HU,MI,Miskolc
HU,NK,Nagykanizsa
HU,NO,Nógrád
HU,NY,Nyíregyháza
HU,PE,Pest
HU,PS,Pécs
HU,SD,Szeged
HU,SF,Székesfehérvár
HU,SH,Szombathely
HU,SK,Szolnok
HU,SN,Sopron
HU,SO,Somogy
HU,SS,Szekszárd
HU,ST,Salgótarján
HU,SZ,Szabolcs-Szatmár-Bereg
HU,TB,Tatabánya
HU,TO,Tolna
HU,VA,Vas
HU,VE,Veszprém (county)
HU,VM,Veszprém
HU,ZA,Zala
HU,ZE,Zalaegerszeg
ID,IJ,Papua
ID,JW,Jawa
ID,KA,Kalimantan
ID,ML,Maluku
ID,NU,Nusa Tenggara
ID,SL,Sulawesi
ID,SM,Sumatera
IE,C,Connacht
IE,L,Leinster
IE,M,Munster
IE,U,Ulster
IL,D,HaDarom
IL,HA,Hefa
IL,JM,Yerushalayim Al Quds
IL,M,HaMerkaz
IL,TA,Tel-Aviv
IL,Z,HaZafon
IN,AN,Andaman and Nicobar Islands
IN,AP,Andhra Pradesh
IN,AR,Arunachal Pradesh
IN,AS,Assam
IN,BR,Bihar
IN,CH,Chandigarh
IN,CT,Chhattisgarh
IN,DD,Daman and Diu
IN,DL,Delhi
IN,DN,Dadra and Nagar Haveli
IN,GA,Goa
IN,GJ,Gujarat
IN,HP,Himachal Pradesh
IN,HR,Haryana
IN,JH,Jharkhand
IN,JK,Jammu and Kashmir
IN,KA,Karnataka
IN,KL,Kerala
IN,LD,Lakshadweep
IN,MH,Maharashtra
IN,ML,Meghalaya
IN,MN,Manipur
IN,MP,Madhya Pradesh
IN,MZ,Mizoram
IN,NL,Nagaland
IN,OR,Odisha
IN,PB,Punjab
IN,PY,Puducherry
IN,RJ,Rajasthan
IN,SK,Sikkim
IN,TG,Telangana
IN,TN,Tamil Nadu
IN,TR,Tripura
IN,UP,Uttar Pradesh
IN,UT,Uttarakhand
IN,WB,West Bengal
IQ,AN,Al Anbar
IQ,AR,Arbil
IQ,BA,Al Basrah
IQ,BB,Babil
IQ,BG,Baghdad
IQ,DA,Dahuk
IQ,DI,Diyala
IQ,DQ,Dhi Qar
IQ,KA,Karbala'
IQ,MA,Maysan
IQ,MU,Al Muthanna
IQ,NA,An Najef
IQ,NI,Ninawa
IQ,QA,Al Qadisiyah
IQ,SD,Salah ad Din
IQ,SW,As Sulaymaniyah
IQ,TS,At Ta'mim
IQ,WA,Wasit
IR,01,Āzarbāyjān-e Sharqī
IR,02,Āzarbāyjān-e Gharbī
IR,03,Ardabīl
IR,04,Eşfahān
IR,05,Īlām
IR,06,Būshehr
IR,07,Tehrān
IR,08,Chahār Mahāll va Bakhtīārī
IR,10,Khūzestān
IR,11,Zanjān
IR,12,Semnān
IR,13,Sīstān va Balūchestān
IR,14,Fārs
IR,15,Kermān
IR,16,Kordestān
IR,17,Kermānshāh
IR,18,Kohgīlūyeh va Būyer Ahmad
IR,19,Gīlān
IR,20,Lorestān
IR,21,Māzandarān
IR,22,Markazī
IR,23,Hormozgān
IR,24,Hamadān
IR,25,Yazd
IR,26,Qom
IR,27,Golestān
IR,28,Qazvīn
IR,29,Khorāsān-e Janūbī
IR,30,Khorāsān-e Razavī
IR,31,Khorāsān-e Shemālī
IS,0,Reykjavík
IS,1,Höfuðborgarsvæðið
IS,2,Suðurnes
IS,3,Vesturland
IS,4,Vestfirðir
IS,5,Norðurland vestra
IS,6,Norðurland eystra
IS,7,Austurland
IS,8,Suðurland
IT,21,Piemonte
IT,23,Valle d'Aosta
IT,25,Lombardia
IT,32,Trentino-Alto Adige
IT,34,Veneto
IT,36,Friuli-Venezia Giulia
IT,42,Liguria
IT,45,Emilia-Romagna
IT,52,Toscana
IT,55,Umbria
IT,57,Marche
IT,62,Lazio
IT,65,Abruzzo
IT,67,Molise
IT,72,Campania
IT,75,Puglia
IT,77,Basilicata
IT,78,Calabria
IT,82,Sicilia
IT,88,Sardegna
JM,01,Kingston
JM,02,Saint Andrew
JM,03,Saint Thomas
JM,04,Portland
JM,05,Saint Mary
JM,06,Saint Ann
JM,07,Trelawny
JM,08,Saint James
JM,09,Hanover
JM,10,Westmoreland
JM,11,Saint Elizabeth
JM,12,Manchester
JM,13,Clarendon
JM,14,Saint Catherine
JO,AJ,‘Ajlūn
JO,AM,‘Ammān (Al ‘Aşimah)
JO,AQ,Al ‘Aqabah
JO,AT,Aţ Ţafīlah
JO,AZ,Az Zarqā'
JO,BA,Al Balqā'
JO,IR,Irbid
JO,JA,Jarash
JO,KA,Al Karak
JO,MA,Al Mafraq
JO,MD,Mādabā
JO,MN,Ma‘ān
JP,01,Hokkaido
JP,02,Aomori
JP,03,Iwate
JP,04,Miyagi
JP,05,Akita
JP,06,Yamagata
JP,07,Fukushima
JP,08,Ibaraki
JP,09,Tochigi
JP,10,Gunma
JP,11,Saitama
JP,12,Chiba
JP,13,Tokyo
JP,14,Kanagawa
JP,15,Niigata
JP,16,Toyama
JP,17,Ishikawa
JP,18,Fukui
JP,19,Yamanashi
JP,20,Nagano
JP,21,Gifu
JP,22,Shizuoka
JP,23,Aichi
JP,24,Mie
JP,25,Shiga
JP,26,Kyoto
JP,27,Osaka
JP,28,Hyogo
JP,29,Nara
JP,30,Wakayama
JP,31,Tottori
JP,32,Shimane
JP,33,Okayama
JP,34,Hiroshima
JP,35,Yamaguchi
JP,36,Tokushima
JP,37,Kagawa
JP,38,Ehime
JP,39,Kochi
JP,40,Fukuoka
JP,41,Saga
JP,42,Nagasaki
JP,43,Kumamoto
JP,44,Oita
JP,45,Miyazaki
JP,46,Kagoshima
JP,47,Okinawa
KE,01,Baringo
KE,02,Bomet
KE,03,Bungoma
KE,04,Busia
KE,05,Elgeyo/Marakwet
KE,06,Embu
KE,07,Garissa
KE,08,Homa Bay
KE,09,Isiolo
KE,10,Kajiado
KE,11,Kakamega
KE,12,Kericho
KE,13,Kiambu
KE,14,Kilifi
KE,15,Kirinyaga
KE,16,Kisii
KE,17,Kisumu
KE,18,Kitui
KE,19,Kwale
KE,20,Laikipia
KE,21,Lamu
KE,22,Machakos
KE,23,Makueni
KE,24,Mandera
KE,25,Marsabit
KE,26,Meru
KE,27,Migori
KE,28,Mombasa
KE,29,Murang'a
KE,30,Nairobi City
KE,31,Nakuru
KE,32,Nandi
KE,33,Narok
KE,34,Nyamira
KE,35,Nyandarua
KE,36,Nyeri
KE,37,Samburu
KE,38,Siaya
KE,39,Taita/Taveta
KE,40,Tana River
KE,41,Tharaka-Nithi
KE,42,Trans Nzoia
KE,43,Turkana
KE,44,Uasin Gishu
KE,45,Vihiga
KE,46,Wajir
KE,47,West Pokot
KG,B,Batken
KG,C,Chü
KG,GB,Bishkek
KG,J,Jalal-Abad
KG,N,Naryn
KG,O,Osh
KG,T,Talas
KG,Y,Ysyk-Köl
KH,1,Banteay Mean Chey
KH,10,Krachoh
KH,11,Mondol Kiri
KH,12,Phnom Penh
KH,13,Preah Vihear
KH,14,Prey Veaeng
KH,15,Pousaat
KH,16,Rotanak Kiri
KH,17,Siem Reab
KH,18,Krong Preah Sihanouk
KH,19,Stueng Traeng
KH,2,Battambang
KH,20,Svaay Rieng
KH,21,Taakaev
KH,22,Otdar Mean Chey
KH,23,Krong Kaeb
KH,24,Krong Pailin
KH,3,Kampong Cham
KH,4,Kampong Chhnang
KH,5,Kampong Speu
KH,6,Kampong Thom
KH,7,Kampot
KH,8,Kandal
KH,9,Kach Kong
KI,G,Gilbert Islands
KI,L,Line Islands
KI,P,Phoenix Islands
KM,A,Andjouân (Anjwān)
KM,G,Andjazîdja (Anjazījah)
KM,M,Moûhîlî (Mūhīlī)
KN,K,Saint Kitts
KN,N,Nevis
KP,01,P’yŏngyang
KP,02,P’yŏngan-namdo
KP,03,P’yŏngan-bukto
KP,04,Chagang-do
KP,05,Hwanghae-namdo
KP,06,Hwanghae-bukto
KP,07,Kangwŏn-do
KP,08,Hamgyŏng-namdo
KP,09,Hamgyŏng-bukto
KP,10,Yanggang-do
KP,13,Nasŏn (Najin-Sŏnbong)
KR,11,Seoul Teugbyeolsi
KR,26,Busan Gwang'yeogsi
KR,27,Daegu Gwang'yeogsi
KR,28,Incheon Gwang'yeogsi
KR,29,Gwangju Gwang'yeogsi
KR,30,Daejeon Gwang'yeogsi
KR,31,Ulsan Gwang'yeogsi
KR,41,Gyeonggido
KR,42,Gang'weondo
KR,43,Chungcheongbukdo
KR,44,Chungcheongnamdo
KR,45,Jeonrabukdo
KR,46,Jeonranamdo
KR,47,Gyeongsangbukdo
KR,48,Gyeongsangnamdo
KR,49,Jejudo
KW,AH,Al Ahmadi
KW,FA,Al Farwānīyah
KW,HA,Hawallī
KW,JA,Al Jahrrā’
KW,KU,Al Kuwayt (Al ‘Āşimah)
KW,MU,Mubārak al Kabīr
KZ,AKM,Aqmola oblysy
KZ,AKT,Aqtöbe oblysy
KZ,ALA,Almaty
KZ,ALM,Almaty oblysy
KZ,AST,Astana
KZ,ATY,Atyraū oblysy
KZ,KAR,Qaraghandy oblysy
KZ,KUS,Qostanay oblysy
KZ,KZY,Qyzylorda oblysy
KZ,MAN,Mangghystaū oblysy
KZ,PAV,Pavlodar oblysy
KZ,SEV,Soltüstik Quzaqstan oblysy
KZ,VOS,Shyghys Qazaqstan oblysy
KZ,YUZ,Ongtüstik Qazaqstan oblysy
KZ,ZAP,Batys Quzaqstan oblysy
KZ,ZHA,Zhambyl oblysy
LA,AT,Attapu
LA,BK,Bokèo
LA,BL,Bolikhamxai
LA,CH,Champasak
LA,HO,Houaphan
LA,KH,Khammouan
LA,LM,Louang Namtha
LA,LP,Louangphabang
LA,OU,Oudômxai
LA,PH,Phôngsali
LA,SL,Salavan
LA,SV,Savannakhét
LA,VI,Vientiane
LA,VT,Vientiane
LA,XA,Xaignabouli
LA,XE,Xékong
LA,XI,Xiangkhouang
LA,XS,Xaisômboun
LB,AK,Aakkâr
LB,AS,Liban-Nord
LB,BA,Beyrouth
LB,BH,Baalbek-Hermel
LB,BI,Béqaa
LB,JA,Liban-Sud
LB,JL,Mont-Liban
LB,NA,Nabatîyé
LI,01,Balzers
LI,02,Eschen
LI,03,Gamprin
LI,04,Mauren
LI,05,Planken
LI,06,Ruggell
LI,07,Schaan
LI,08,Schellenberg
LI,09,Triesen
LI,10,Triesenberg
LI,11,Vaduz
LK,1,Basnāhira paḷāta
LK,2,Madhyama paḷāta
LK,3,Dakuṇu paḷāta
LK,4,Uturu paḷāta
LK,5,Næ̆gĕnahira paḷāta
LK,6,Vayamba paḷāta
LK,7,Uturumæ̆da paḷāta
LK,8,Ūva paḷāta
LK,9,Sabaragamuva paḷāta
LR,BG,Bong
LR,BM,Bomi
LR,CM,Grand Cape Mount
LR,GB,Grand Bassa
LR,GG,Grand Gedeh
LR,GK,Grand Kru
LR,LO,Lofa
LR,MG,Margibi
LR,MO,Montserrado
LR,MY,Maryland
LR,NI,Nimba
LR,RI,Rivercess
LR,SI,Sinoe
LS,A,Maseru
LS,B,Butha-Buthe
LS,C,Leribe
LS,D,Berea
LS,E,Mafeteng
LS,F,Mohale's Hoek
LS,G,Quthing
LS,H,Qacha's Nek
LS,J,Mokhotlong
LS,K,Thaba-Tseka
LT,AL,Alytaus Apskritis
LT,KL,Klaipėdos Apskritis
LT,KU,Kauno Apskritis
LT,MR,Marijampolės Apskritis
LT,PN,Panevėžio Apskritis
LT,SA,Šiaulių Apskritis
LT,TA,Tauragés Apskritis
LT,TE,Telšių Apskritis
LT,UT,Utenos Apskritis
LT,VL,Vilniaus Apskritis
LU,D,Diekirch
LU,G,Grevenmacher
LU,L,Luxembourg
LV,001,Aglonas novads
LV,002,Aizkraukles novads
LV,003,Aizputes novads
LV,004,Aknīstes novads
LV,005,Alojas novads
LV,006,Alsungas novads
LV,007,Alūksnes novads
LV,008,Amatas novads
LV,009,Apes novads
LV,010,Auces novads
LV,011,Ādažu novads
LV,012,Babītes novads
LV,013,Baldones novads
LV,014,Baltinavas novads
LV,015,Balvu novads
LV,016,Bauskas novads
LV,017,Beverīnas novads
LV,018,Brocēnu novads
LV,019,Burtnieku novads
LV,020,Carnikavas novads
LV,021,Cesvaines novads
LV,022,Cēsu novads
LV,023,Ciblas novads
LV,024,Dagdas novads
LV,025,Daugavpils novads
LV,026,Dobeles novads
LV,027,Dundagas novads
LV,028,Durbes novads
LV,029,Engures novads
LV,030,Ērgļu novads
LV,031,Garkalnes novads
LV,032,Grobiņas novads
LV,033,Gulbenes novads
LV,034,Iecavas novads
LV,035,Ikšķiles novads
LV,036,Ilūkstes novads
LV,037,Inčukalna novads
LV,038,Jaunjelgavas novads
LV,039,Jaunpiebalgas novads
LV,040,Jaunpils novads
LV,041,Jelgavas novads
LV,042,Jēkabpils novads
LV,043,Kandavas novads
LV,044,Kārsavas novads
LV,045,Kocēnu novads
LV,046,Kokneses novads
LV,047,Krāslavas novads
LV,048,Krimuldas novads
LV,049,Krustpils novads
LV,050,Kuldīgas novads
LV,051,Ķeguma novads
LV,052,Ķekavas novads
LV,053,Lielvārdes novads
LV,054,Limbažu novads
LV,055,Līgatnes novads
LV,056,Līvānu novads
LV,057,Lubānas novads
LV,058,Ludzas novads
LV,059,Madonas novads
LV,060,Mazsalacas novads
LV,061,Mālpils novads
LV,062,Mārupes novads
LV,063,Mērsraga novads
LV,064,Naukšēnu novads
LV,065,Neretas novads
LV,066,Nīcas novads
LV,067,Ogres novads
LV,068,Olaines novads
LV,069,Ozolnieku novads
LV,070,Pārgaujas novads
LV,071,Pāvilostas novads
LV,072,Pļaviņu novads
LV,073,Preiļu novads
LV,074,Priekules novads
LV,075,Priekuļu novads
LV,076,Raunas novads
LV,077,Rēzeknes novads
LV,078,Riebiņu novads
LV,079,Rojas novads
LV,080,Ropažu novads
LV,081,Rucavas novads
LV,082,Rugāju novads
LV,083,Rundāles novads
LV,084,Rūjienas novads
LV,085,Salas novads
LV,086,Salacgrīvas novads
LV,087,Salaspils novads
LV,088,Saldus novads
LV,089,Saulkrastu novads
LV,090,Sējas novads
LV,091,Siguldas novads
LV,092,Skrīveru novads
LV,093,Skrundas novads
LV,094,Smiltenes novads
LV,095,Stopiņu novads
LV,096,Strenču novads
LV,097,Talsu novads
LV,098,Tērvetes novads
LV,099,Tukuma novads
LV,100,Vaiņodes novads
LV,101,Valkas novads
LV,102,Varakļānu novads
LV,103,Vārkavas novads
LV,104,Vecpiebalgas novads
LV,105,Vecumnieku novads
LV,106,Ventspils novads
LV,107,Viesītes novads
LV,108,Viļakas novads
LV,109,Viļānu novads
LV,110,Zilupes novads
LV,DGV,Daugavpils
LV,JEL,Jelgava
LV,JKB,Jēkabpils
LV,JUR,Jūrmala
LV,LPX,Liepāja
LV,REZ,Rēzekne
LV,RIX,Rīga
LV,VEN,Ventspils
LV,VMR,Valmiera
LY,BA,Banghāzī
LY,BU,Al Buţnān
LY,DR,Darnah
LY,GT,Ghāt
LY,JA,Al Jabal al Akhḑar
LY,JB,Jaghbūb
LY,JG,Al Jabal al Gharbī
LY,JI,Al Jifārah
LY,JU,Al Jufrah
LY,KF,Al Kufrah
LY,MB,Al Marqab
LY,MI,Mişrātah
LY,MJ,Al Marj
LY,MQ,Murzuq
LY,NL,Nālūt
LY,NQ,An Nuqaţ al Khams
LY,SB,Sabhā
LY,SR,Surt
LY,TB,Ţarābulus
LY,WA,Al Wāḩāt
LY,WD,Wādī al Ḩayāt
LY,WS,Wādī ash Shāţiʾ
LY,ZA,Az Zāwiyah
MA,01,Tanger-Tétouan-Al Hoceïma
MA,02,L'Oriental
MA,03,Fès-Meknès
MA,04,Rabat-Salé-Kénitra
MA,05,Béni Mellal-Khénifra
MA,06,Casablanca-Settat
MA,07,Marrakech-Safi
MA,08,Drâa-Tafilalet
MA,09,Souss-Massa
MA,10,Guelmim-Oued Noun
MA,11,Laâyoune-Sakia El Hamra
MA,12,Dakhla-Oued Ed Dahab
MC,CL,La Colle
MC,CO,La Condamine
MC,FO,Fontvieille
MC,GA,La Gare
MC,JE,Jardin Exotique
MC,LA,Larvotto
MC,MA,Malbousquet
MC,MC,Monte-Carlo
MC,MG,Moneghetti
MC,MO,Monaco-Ville
MC,MU,Moulins
MC,PH,Port-Hercule
MC,SD,Sainte-Dévote
MC,SO,La Source
MC,SP,Spélugues
MC,SR,Saint-Roman
MC,VR,Vallon de la Rousse
MD,AN,Anenii Noi
MD,BA,Bălți
MD,BD,Tighina
MD,BR,Briceni
MD,BS,Basarabeasca
MD,CA,Cahul
MD,CL,Călărași
MD,CM,Cimișlia
MD,CR,Criuleni
MD,CS,Căușeni
MD,CT,Cantemir
MD,CU,Chișinău
MD,DO,Dondușeni
MD,DR,Drochia
MD,DU,Dubăsari
MD,ED,Edineț
MD,FA,Fălești
MD,FL,Florești
MD,GA,"Găgăuzia, Unitatea teritorială autonomă"
MD,GL,Glodeni
MD,HI,Hîncești
MD,IA,Ialoveni
MD,LE,Leova
MD,NI,Nisporeni
MD,OC,Ocnița
MD,OR,Orhei
MD,RE,Rezina
MD,RI,Rîșcani
MD,SD,Șoldănești
MD,SI,Sîngerei
MD,SN,"Stînga Nistrului, unitatea teritorială din"
MD,SO,Soroca
MD,ST,Strășeni
MD,SV,Ștefan Vodă
MD,TA,Taraclia
MD,TE,Telenești
MD,UN,Ungheni
ME,01,Andrijevica
ME,02,Bar
ME,03,Berane
ME,04,Bijelo Polje
ME,05,Budva
ME,06,Cetinje
ME,07,Danilovgrad
ME,08,Herceg-Novi
ME,09,Kolašin
ME,10,Kotor
ME,11,Mojkovac
ME,12,Nikšić
ME,13,Plav
ME,14,Pljevlja
ME,15,Plužine
ME,16,Podgorica
ME,17,Rožaje
ME,18,Šavnik
ME,19,Tivat
ME,20,Ulcinj
ME,21,Žabljak
MG,A,Toamasina
MG,D,Antsiranana
MG,F,Fianarantsoa
MG,M,Mahajanga
MG,T,Antananarivo
MG,U,Toliara
MH,L,Ralik chain
MH,T,Ratak chain
MK,01,Aerodrom
MK,02,Aračinovo
MK,03,Berovo
MK,04,Bitola
MK,05,Bogdanci
MK,06,Bogovinje
MK,07,Bosilovo
MK,08,Brvenica
MK,09,Butel
MK,10,Valandovo
MK,11,Vasilevo
MK,12,Vevčani
MK,13,Veles
MK,14,Vinica
MK,15,Vraneštica
MK,16,Vrapčište
MK,17,Gazi Baba
MK,18,Gevgelija
MK,19,Gostivar
MK,20,Gradsko
MK,21,Debar
MK,22,Debarca
MK,23,Delčevo
MK,24,Demir Kapija
MK,25,Demir Hisar
MK,26,Dojran
MK,27,Dolneni
MK,28,Drugovo
MK,29,Gjorče Petrov
MK,30,Želino
MK,31,Zajas
MK,32,Zelenikovo
MK,33,Zrnovci
MK,34,Ilinden
MK,35,Jegunovce
MK,36,Kavadarci
MK,37,Karbinci
MK,38,Karpoš
MK,39,Kisela Voda
MK,40,Kičevo
MK,41,Konče
MK,42,Kočani
MK,43,Kratovo
MK,44,Kriva Palanka
MK,45,Krivogaštani
MK,46,Kruševo
MK,47,Kumanovo
MK,48,Lipkovo
MK,49,Lozovo
MK,50,Mavrovo-i-Rostuša
MK,51,Makedonska Kamenica
MK,52,Makedonski Brod
MK,53,Mogila
MK,54,Negotino
MK,55,Novaci
MK,56,Novo Selo
MK,57,Oslomej
MK,58,Ohrid
MK,59,Petrovec
MK,60,Pehčevo
MK,61,Plasnica
MK,62,Prilep
MK,63,Probištip
MK,64,Radoviš
MK,65,Rankovce
MK,66,Resen
MK,67,Rosoman
MK,68,Saraj
MK,69,Sveti Nikole
MK,70,Sopište
MK,71,Staro Nagoričane
MK,72,Struga
MK,73,Strumica
MK,74,Studeničani
MK,75,Tearce
MK,76,Tetovo
MK,77,Centar
MK,78,Centar Župa
MK,79,Čair
MK,80,Čaška
MK,81,Češinovo-Obleševo
MK,82,Čučer Sandevo
MK,83,Štip
MK,84,Šuto Orizari
ML,1,Kayes
ML,2,Koulikoro
ML,3,Sikasso
ML,4,Ségou
ML,5,Mopti
ML,6,Tombouctou
ML,7,Gao
ML,8,Kidal
ML,BK0,Bamako
MM,01,Sagaing
MM,02,Bago
MM,03,Magway
MM,04,Mandalay
MM,05,Tanintharyi
MM,06,Yangon
MM,07,Ayeyarwady
MM,11,Kachin
MM,12,Kayah
MM,13,Kayin
MM,14,Chin
MM,15,Mon
MM,16,Rakhine
MM,17,Shan
MN,035,Orhon
MN,037,Darhan uul
MN,039,Hentiy
MN,041,Hövsgöl
MN,043,Hovd
MN,046,Uvs
MN,047,Töv
MN,049,Selenge
MN,051,Sühbaatar
MN,053,Ömnögovi
MN,055,Övörhangay
MN,057,Dzavhan
MN,059,Dundgovi
MN,061,Dornod
MN,063,Dornogovi
MN,064,Govi-Sumber
MN,065,Govi-Altay
MN,067,Bulgan
MN,069,Bayanhongor
MN,071,Bayan-Ölgiy
MN,073,Arhangay
MN,1,Ulanbaatar
MR,01,Hodh ech Chargui
MR,02,Hodh el Charbi
MR,03,Assaba
MR,04,Gorgol
MR,05,Brakna
MR,06,Trarza
MR,07,Adrar
MR,08,Dakhlet Nouadhibou
MR,09,Tagant
MR,10,Guidimaka
MR,11,Tiris Zemmour
MR,12,Inchiri
MR,NKC,Nouakchott
MT,01,Attard
MT,02,Balzan
MT,03,Birgu
MT,04,Birkirkara
MT,05,Birżebbuġa
MT,06,Bormla
MT,07,Dingli
MT,08,Fgura
MT,09,Floriana
MT,10,Fontana
MT,11,Gudja
MT,12,Gżira
MT,13,Għajnsielem
MT,14,Għarb
MT,15,Għargħur
MT,16,Għasri
MT,17,Għaxaq
MT,18,Ħamrun
MT,19,Iklin
MT,20,Isla
MT,21,Kalkara
MT,22,Kerċem
MT,23,Kirkop
MT,24,Lija
MT,25,Luqa
MT,26,Marsa
MT,27,Marsaskala
MT,28,Marsaxlokk
MT,29,Mdina
MT,30,Mellieħa
MT,31,Mġarr
MT,32,Mosta
MT,33,Mqabba
MT,34,Msida
MT,35,Mtarfa
MT,36,Munxar
MT,37,Nadur
MT,38,Naxxar
MT,39,Paola
MT,40,Pembroke
MT,41,Pietà
MT,42,Qala
MT,43,Qormi
MT,44,Qrendi
MT,45,Rabat Għawdex
MT,46,Rabat Malta
MT,47,Safi
MT,48,San Ġiljan
MT,49,San Ġwann
MT,50,San Lawrenz
MT,51,San Pawl il-Baħar
MT,52,Sannat
MT,53,Santa Luċija
MT,54,Santa Venera
MT,55,Siġġiewi
MT,56,Sliema
MT,57,Swieqi
MT,58,Ta’ Xbiex
MT,59,Tarxien
MT,60,Valletta
MT,61,Xagħra
MT,62,Xewkija
MT,63,Xgħajra
MT,64,Żabbar
MT,65,Żebbuġ Għawdex
MT,66,Żebbuġ Malta
MT,67,Żejtun
MT,68,Żurrieq
MU,AG,Agalega Islands
MU,BL,Black River
MU,BR,Beau Bassin-Rose Hill
MU,CC,Cargados Carajos Shoals
MU,CU,Curepipe
MU,FL,Flacq
MU,GP,Grand Port
MU,MO,Moka
MU,PA,Pamplemousses
MU,PL,Port Louis
MU,PU,Port Louis
MU,PW,Plaines Wilhems
MU,QB,Quatre Bornes
MU,RO,Rodrigues Island
MU,RP,Rivière du Rempart
MU,SA,Savanne
MU,VP,Vacoas-Phoenix
MV,CE,Central
MV,MLE,Male
MV,NC,North Central
MV,NO,North
MV,SC,South Central
MV,SU,South
MV,UN,Upper North
MV,US,Upper South
MW,C,Central Region
MW,N,Northern Region
MW,S,Southern Region
MX,AGU,Aguascalientes
MX,BCN,Baja California
MX,BCS,Baja California Sur
MX,CAM,Campeche
MX,CHH,Chihuahua
MX,CHP,Chiapas
MX,CMX,Ciudad de México
MX,COA,Coahuila de Zaragoza
MX,COL,Colima
MX,DUR,Durango
MX,GRO,Guerrero
MX,GUA,Guanajuato
MX,HID,Hidalgo
MX,JAL,Jalisco
MX,MEX,México
MX,MIC,Michoacán de Ocampo
MX,MOR,Morelos
MX,NAY,Nayarit
MX,NLE,Nuevo León
MX,OAX,Oaxaca
MX,PUE,Puebla
MX,QUE,Querétaro
MX,ROO,Quintana Roo
MX,SIN,Sinaloa
MX,SLP,San Luis Potosí
MX,SON,Sonora
MX,TAB,Tabasco
MX,TAM,Tamaulipas
MX,TLA,Tlaxcala
MX,VER,Veracruz de Ignacio de la Llave
MX,YUC,Yucatán
MX,ZAC,Zacatecas
MY,01,Johor
MY,02,Kedah
MY,03,Kelantan
MY,04,Melaka
MY,05,Negeri Sembilan
MY,06,Pahang
MY,07,Pulau Pinang
MY,08,Perak
MY,09,Perlis
MY,10,Selangor
MY,11,Terengganu
MY,12,Sabah
MY,13,Sarawak
MY,14,Wilayah Persekutuan Kuala Lumpur
MY,15,Wilayah Persekutuan Labuan
MY,16,Wilayah Persekutuan Putrajaya
MZ,A,Niassa
MZ,B,Manica
MZ,G,Gaza
MZ,I,Inhambane
MZ,L,Maputo
MZ,MPM,Maputo (city)
MZ,N,Nampula
MZ,P,Cabo Delgado
MZ,Q,Zambézia
MZ,S,Sofala
MZ,T,Tete
NA,CA,Caprivi
NA,ER,Erongo
NA,HA,Hardap
NA,KA,Karas
NA,KH,Khomas
NA,KU,Kunene
NA,OD,Otjozondjupa
NA,OH,Omaheke
NA,OK,Okavango
NA,ON,Oshana
NA,OS,Omusati
NA,OT,Oshikoto
NA,OW,Ohangwena
NE,1,Agadez
NE,2,Diffa
NE,3,Dosso
NE,4,Maradi
NE,5,Tahoua
NE,6,Tillabéri
NE,7,Zinder
NE,8,Niamey
NG,AB,Abia
NG,AD,Adamawa
NG,AK,Akwa Ibom
NG,AN,Anambra
NG,BA,Bauchi
NG,BE,Benue
NG,BO,Borno
NG,BY,Bayelsa
NG,CR,Cross River
NG,DE,Delta
NG,EB,Ebonyi
NG,ED,Edo
NG,EK,Ekiti
NG,EN,Enugu
NG,FC,Abuja Capital Territory
NG,GO,Gombe
NG,IM,Imo
NG,JI,Jigawa
NG,KD,Kaduna
NG,KE,Kebbi
NG,KN,Kano
NG,KO,Kogi
NG,KT,Katsina
NG,KW,Kwara
NG,LA,Lagos
NG,NA,Nassarawa
NG,NI,Niger
NG,OG,Ogun
NG,ON,Ondo
NG,OS,Osun
NG,OY,Oyo
NG,PL,Plateau
NG,RI,Rivers
NG,SO,Sokoto
NG,TA,Taraba
NG,YO,Yobe
NG,ZA,Zamfara
NI,AN,Atlántico Norte
NI,AS,Atlántico Sur
NI,BO,Boaco
NI,CA,Carazo
NI,CI,Chinandega
NI,CO,Chontales
NI,ES,Estelí
NI,GR,Granada
NI,JI,Jinotega
NI,LE,León
NI,MD,Madriz
NI,MN,Managua
NI,MS,Masaya
NI,MT,Matagalpa
NI,NS,Nueva Segovia
NI,RI,Rivas
NI,SJ,Río San Juan
NL,AW,Aruba
NL,BQ1,Bonaire
NL,BQ2,Saba
NL,BQ3,Sint Eustatius
NL,CW,Curaçao
NL,DR,Drenthe
NL,FL,Flevoland
NL,FR,Friesland
NL,GE,Gelderland
NL,GR,Groningen
NL,LI,Limburg
NL,NB,Noord-Brabant
NL,NH,Noord-Holland
NL,OV,Overijssel
NL,SX,Sint Maarten
NL,UT,Utrecht
NL,ZE,Zeeland
NL,ZH,Zuid-Holland
NO,01,Østfold
NO,02,Akershus
NO,03,Oslo
NO,04,Hedmark
NO,05,Oppland
NO,06,Buskerud
NO,07,Vestfold
NO,08,Telemark
NO,09,Aust-Agder
NO,10,Vest-Agder
NO,11,Rogaland
NO,12,Hordaland
NO,14,Sogn og Fjordane
NO,15,Møre og Romsdal
NO,16,Sør-Trøndelag
NO,17,Nord-Trøndelag
NO,18,Nordland
NO,19,Troms
NO,20,Finnmark
NO,21,Svalbard (Arctic Region)
NO,22,Jan Mayen (Arctic Region)
NP,1,Madhyamanchal
NP,2,Madhya Pashchimanchal
NP,3,Pashchimanchal
NP,4,Purwanchal
NP,5,Sudur Pashchimanchal
NR,01,Aiwo
NR,02,Anabar
NR,03,Anetan
NR,04,Anibare
NR,05,Baiti
NR,06,Boe
NR,07,Buada
NR,08,Denigomodu
NR,09,Ewa
NR,10,Ijuw
NR,11,Meneng
NR,12,Nibok
NR,13,Uaboe
NR,14,Yaren
NZ,CIT,Chatham Islands Territory
NZ,AUK,Auckland
NZ,BOP,Bay of Plenty
NZ,CAN,Canterbury
NZ,GIS,Gisborne
NZ,HKB,Hawke's Bay
NZ,MWT,Manawatu-Wanganui
NZ,MBH,Marlborough
NZ,NSN,Nelson
NZ,NTL,Northland
NZ,OTA,Otago
NZ,STL,Southland
NZ,TKI,Taranaki
NZ,TAS,Tasman
NZ,WGN,Wellington
NZ,WKO,Waikato
NZ,WTC,West Coast
OM,BA,Al Bāţinah
OM,BU,Al Buraymī
OM,DA,Ad Dākhilīya
OM,MA,Masqaţ
OM,MU,Musandam
OM,SH,Ash Sharqīyah
OM,WU,Al Wusţá
OM,ZA,Az̧ Z̧āhirah
OM,ZU,Z̧ufār
PA,1,Bocas del Toro
PA,2,Coclé
PA,3,Colón
PA,4,Chiriquí
PA,5,Darién
PA,6,Herrera
PA,7,Los Santos
PA,8,Panamá
PA,9,Veraguas
PA,EM,Emberá
PA,KY,Kuna Yala
PA,NB,Ngöbe-Buglé
PE,AMA,Amazonas
PE,ANC,Ancash
PE,APU,Apurímac
PE,ARE,Arequipa
PE,AYA,Ayacucho
PE,CAJ,Cajamarca
PE,CAL,El Callao
PE,CUS,Cusco [Cuzco]
PE,HUC,Huánuco
PE,HUV,Huancavelica
PE,ICA,Ica
PE,JUN,Junín
PE,LAL,La Libertad
PE,LAM,Lambayeque
PE,LIM,Lima
PE,LMA,Municipalidad Metropolitana de Lima
PE,LOR,Loreto
PE,MDD,Madre de Dios
PE,MOQ,Moquegua
PE,PAS,Pasco
PE,PIU,Piura
PE,PUN,Puno
PE,SAM,San Martín
PE,TAC,Tacna
PE,TUM,Tumbes
PE,UCA,Ucayali
PG,CPK,Chimbu
PG,CPM,Central
PG,EBR,East New Britain
PG,EHG,Eastern Highlands
PG,EPW,Enga
PG,ESW,East Sepik
PG,GPK,Gulf
PG,MBA,Milne Bay
PG,MPL,Morobe
PG,MPM,Madang
PG,MRL,Manus
PG,NCD,National Capital District (Port Moresby)
PG,NIK,New Ireland
PG,NPP,Northern
PG,NSB,Bougainville
PG,SAN,Sandaun
PG,SHM,Southern Highlands
PG,WBK,West New Britain
PG,WHM,Western Highlands
PG,WPD,Western
PH,00,National Capital Region
PH,01,Ilocos (Region I)
PH,02,Cagayan Valley (Region II)
PH,03,Central Luzon (Region III)
PH,05,Bicol (Region V)
PH,06,Western Visayas (Region VI)
PH,07,Central Visayas (Region VII)
PH,08,Eastern Visayas (Region VIII)
PH,09,Zamboanga Peninsula (Region IX)
PH,10,Northern Mindanao (Region X)
PH,11,Davao (Region XI)
PH,12,Soccsksargen (Region XII)
PH,13,Caraga (Region XIII)
PH,14,Autonomous Region in Muslim Mindanao (ARMM)
PH,15,Cordillera Administrative Region (CAR)
PH,40,CALABARZON (Region IV-A)
PH,41,MIMAROPA (Region IV-B)
PK,BA,Balochistan
PK,GB,Gilgit-Baltistan
PK,IS,Islamabad
PK,JK,Azad Kashmir
PK,KP,Khyber Pakhtunkhwa
PK,PB,Punjab
PK,SD,Sindh
PK,TA,Federally Administered Tribal Areas
PL,DS,Dolnośląskie
PL,KP,Kujawsko-pomorskie
PL,LB,Lubuskie
PL,LD,Łódzkie
PL,LU,Lubelskie
PL,MA,Małopolskie
PL,MZ,Mazowieckie
PL,OP,Opolskie
PL,PD,Podlaskie
PL,PK,Podkarpackie
PL,PM,Pomorskie
PL,SK,Świętokrzyskie
PL,SL,Śląskie
PL,WN,Warmińsko-mazurskie
PL,WP,Wielkopolskie
PL,ZP,Zachodniopomorskie
PS,BTH,Bethlehem
PS,DEB,Deir El Balah
PS,GZA,Gaza
PS,HBN,Hebron
PS,JEM,Jerusalem
PS,JEN,Jenin
PS,JRH,Jericho - Al Aghwar
PS,KYS,Khan Yunis
PS,NBS,Nablus
PS,NGZ,North Gaza
PS,QQA,Qalqilya
PS,RBH,Ramallah
PS,RFH,Rafah
PS,SLT,Salfit
PS,TBS,Tubas
PS,TKM,Tulkarm
PT,01,Aveiro
PT,02,Beja
PT,03,Braga
PT,04,Bragança
PT,05,Castelo Branco
PT,06,Coimbra
PT,07,Évora
PT,08,Faro
PT,09,Guarda
PT,10,Leiria
PT,11,Lisboa
PT,12,Portalegre
PT,13,Porto
PT,14,Santarém
PT,15,Setúbal
PT,16,Viana do Castelo
PT,17,Vila Real
PT,18,Viseu
PT,20,Região Autónoma dos Açores
PT,30,Região Autónoma da Madeira
PW,002,Aimeliik
PW,004,Airai
PW,010,Angaur
PW,050,Hatobohei
PW,100,Kayangel
PW,150,Koror
PW,212,Melekeok
PW,214,Ngaraard
PW,218,Ngarchelong
PW,222,Ngardmau
PW,224,Ngatpang
PW,226,Ngchesar
PW,227,Ngeremlengui
PW,228,Ngiwal
PW,350,Peleliu
PW,370,Sonsorol
PY,1,Concepción
PY,10,Alto Paraná
PY,11,Central
PY,12,Ñeembucú
PY,13,Amambay
PY,14,Canindeyú
PY,15,Presidente Hayes
PY,16,Alto Paraguay
PY,19,Boquerón
PY,2,San Pedro
PY,3,Cordillera
PY,4,Guairá
PY,5,Caaguazú
PY,6,Caazapá
PY,7,Itapúa
PY,8,Misiones
PY,9,Paraguarí
PY,ASU,Asunción
QA,DA,Ad Dawhah
QA,KH,Al Khawr wa adh Dhakhīrah
QA,MS,Ash Shamal
QA,RA,Ar Rayyan
QA,US,Umm Salal
QA,WA,Al Wakrah
QA,ZA,Az̧ Z̧a‘āyin
RO,AB,Alba
RO,AG,Argeș
RO,AR,Arad
RO,B,București
RO,BC,Bacău
RO,BH,Bihor
RO,BN,Bistrița-Năsăud
RO,BR,Brăila
RO,BT,Botoșani
RO,BV,Brașov
RO,BZ,Buzău
RO,CJ,Cluj
RO,CL,Călărași
RO,CS,Caraș-Severin
RO,CT,Constanța
RO,CV,Covasna
RO,DB,Dâmbovița
RO,DJ,Dolj
RO,GJ,Gorj
RO,GL,Galați
RO,GR,Giurgiu
RO,HD,Hunedoara
RO,HR,Harghita
RO,IF,Ilfov
RO,IL,Ialomița
RO,IS,Iași
RO,MH,Mehedinți
RO,MM,Maramureș
RO,MS,Mureș
RO,NT,Neamț
RO,OT,Olt
RO,PH,Prahova
RO,SB,Sibiu
RO,SJ,Sălaj
RO,SM,Satu Mare
RO,SV,Suceava
RO,TL,Tulcea
RO,TM,Timiș
RO,TR,Teleorman
RO,VL,Vâlcea
RO,VN,Vrancea
RO,VS,Vaslui
RS,00,Beograd
RS,08,Mačvanski okrug
RS,09,Kolubarski okrug
RS,10,Podunavski okrug
RS,11,Braničevski okrug
RS,12,Šumadijski okrug
RS,13,Pomoravski okrug
RS,14,Borski okrug
RS,15,Zaječarski okrug
RS,16,Zlatiborski okrug
RS,17,Moravički okrug
RS,18,Raški okrug
RS,19,Rasinski okrug
RS,20,Nišavski okrug
RS,21,Toplički okrug
RS,22,Pirotski okrug
RS,23,Jablanički okrug
RS,24,Pčinjski okrug
RS,KM,Kosovo-Metohija
RS,VO,Vojvodina
RU,AD,"Adygeya, Respublika"
RU,AL,"Altay, Respublika"
RU,ALT,Altayskiy kray
RU,AMU,Amurskaya oblast'
RU,ARK,Arkhangel'skaya oblast'
RU,AST,Astrakhanskaya oblast'
RU,BA,"Bashkortostan, Respublika"
RU,BEL,Belgorodskaya oblast'
RU,BRY,Bryanskaya oblast'
RU,BU,"Buryatiya, Respublika"
RU,CE,Chechenskaya Respublika
RU,CHE,Chelyabinskaya oblast'
RU,CHU,Chukotskiy avtonomnyy okrug
RU,CU,Chuvashskaya Respublika
RU,DA,"Dagestan, Respublika"
RU,IN,Respublika Ingushetiya
RU,IRK,Irkutiskaya oblast'
RU,IVA,Ivanovskaya oblast'
RU,KAM,Kamchatskiy kray
RU,KB,Kabardino-Balkarskaya Respublika
RU,KC,Karachayevo-Cherkesskaya Respublika
RU,KDA,Krasnodarskiy kray
RU,KEM,Kemerovskaya oblast'
RU,KGD,Kaliningradskaya oblast'
RU,KGN,Kurganskaya oblast'
RU,KHA,Khabarovskiy kray
RU,KHM,Khanty-Mansiysky avtonomnyy okrug-Yugra
RU,KIR,Kirovskaya oblast'
RU,KK,"Khakasiya, Respublika"
RU,KL,"Kalmykiya, Respublika"
RU,KLU,Kaluzhskaya oblast'
RU,KO,"Komi, Respublika"
RU,KOS,Kostromskaya oblast'
RU,KR,"Kareliya, Respublika"
RU,KRS,Kurskaya oblast'
RU,KYA,Krasnoyarskiy kray
RU,LEN,Leningradskaya oblast'
RU,LIP,Lipetskaya oblast'
RU,MAG,Magadanskaya oblast'
RU,ME,"Mariy El, Respublika"
RU,MO,"Mordoviya, Respublika"
RU,MOS,Moskovskaya oblast'
RU,MOW,Moskva
RU,MUR,Murmanskaya oblast'
RU,NEN,Nenetskiy avtonomnyy okrug
RU,NGR,Novgorodskaya oblast'
RU,NIZ,Nizhegorodskaya oblast'
RU,NVS,Novosibirskaya oblast'
RU,OMS,Omskaya oblast'
RU,ORE,Orenburgskaya oblast'
RU,ORL,Orlovskaya oblast'
RU,PER,Permskiy kray
RU,PNZ,Penzenskaya oblast'
RU,PRI,Primorskiy kray
RU,PSK,Pskovskaya oblast'
RU,ROS,Rostovskaya oblast'
RU,RYA,Ryazanskaya oblast'
RU,SA,"Sakha, Respublika [Yakutiya]"
RU,SAK,Sakhalinskaya oblast'
RU,SAM,Samaraskaya oblast'
RU,SAR,Saratovskaya oblast'
RU,SE,"Severnaya Osetiya-Alaniya, Respublika"
RU,SMO,Smolenskaya oblast'
RU,SPE,Sankt-Peterburg
RU,STA,Stavropol'skiy kray
RU,SVE,Sverdlovskaya oblast'
RU,TA,"Tatarstan, Respublika"
RU,TAM,Tambovskaya oblast'
RU,TOM,Tomskaya oblast'
RU,TUL,Tul'skaya oblast'
RU,TVE,Tverskaya oblast'
RU,TY,"Tyva, Respublika [Tuva]"
RU,TYU,Tyumenskaya oblast'
RU,UD,Udmurtskaya Respublika
RU,ULY,Ul'yanovskaya oblast'
RU,VGG,Volgogradskaya oblast'
RU,VLA,Vladimirskaya oblast'
RU,VLG,Vologodskaya oblast'
RU,VOR,Voronezhskaya oblast'
RU,YAN,Yamalo-Nenetskiy avtonomnyy okrug
RU,YAR,Yaroslavskaya oblast'
RU,YEV,Yevreyskaya avtonomnaya oblast'
RU,ZAB,Zabajkal'skij kraj
RW,01,Ville de Kigali
RW,02,Est
RW,03,Nord
RW,04,Ouest
RW,05,Sud
SA,01,Ar Riyāḍ
SA,02,Makkah
SA,03,Al Madīnah
SA,04,Ash Sharqīyah
SA,05,Al Qaşīm
SA,06,Ḥā'il
SA,07,Tabūk
SA,08,Al Ḥudūd ash Shamāliyah
SA,09,Jīzan
SA,10,Najrān
SA,11,Al Bāhah
SA,12,Al Jawf
SA,14,`Asīr
SB,CE,Central
SB,CH,Choiseul
SB,CT,Capital Territory (Honiara)
SB,GU,Guadalcanal
SB,IS,Isabel
SB,MK,Makira
SB,ML,Malaita
SB,RB,Rennell and Bellona
SB,TE,Temotu
SB,WE,Western
SC,01,Anse aux Pins
SC,02,Anse Boileau
SC,03,Anse Etoile
SC,04,Anse Louis
SC,05,Anse Royale
SC,06,Baie Lazare
SC,07,Baie Sainte Anne
SC,08,Beau Vallon
SC,09,Bel Air
SC,10,Bel Ombre
SC,11,Cascade
SC,12,Glacis
SC,13,Grand Anse Mahe
SC,14,Grand Anse Praslin
SC,15,La Digue
SC,16,English River
SC,17,Mont Buxton
SC,18,Mont Fleuri
SC,19,Plaisance
SC,20,Pointe Larue
SC,21,Port Glaud
SC,22,Saint Louis
SC,23,Takamaka
SC,24,Les Mamelles
SC,25,Roche Caiman
SD,DC,Zalingei
SD,DE,Sharq Dārfūr
SD,DN,Shamāl Dārfūr
SD,DS,Janūb Dārfūr
SD,DW,Gharb Dārfūr
SD,GD,Al Qaḑārif
SD,GZ,Al Jazīrah
SD,KA,Kassalā
SD,KH,Al Kharţūm
SD,KN,Shamāl Kurdufān
SD,KS,Janūb Kurdufān
SD,NB,An Nīl al Azraq
SD,NO,Ash Shamālīyah
SD,NR,An Nīl
SD,NW,An Nīl al Abyaḑ
SD,RS,Al Baḩr al Aḩmar
SD,SI,Sinnār
SE,AB,Stockholms län
SE,AC,Västerbottens län
SE,BD,Norrbottens län
SE,C,Uppsala län
SE,D,Södermanlands län
SE,E,Östergötlands län
SE,F,Jönköpings län
SE,G,Kronobergs län
SE,H,Kalmar län
SE,I,Gotlands län
SE,K,Blekinge län
SE,M,Skåne län
SE,N,Hallands län
SE,O,Västra Götalands län
SE,S,Värmlands län
SE,T,Örebro län
SE,U,Västmanlands län
SE,W,Dalarnas län
SE,X,Gävleborgs län
SE,Y,Västernorrlands län
SE,Z,Jämtlands län
SG,01,Central Singapore
SG,02,North East
SG,03,North West
SG,04,South East
SG,05,South West
SH,AC,Ascension
SH,HL,Saint Helena
SH,TA,Tristan da Cunha
SI,001,Ajdovščina
SI,002,Beltinci
SI,003,Bled
SI,004,Bohinj
SI,005,Borovnica
SI,006,Bovec
SI,007,Brda
SI,008,Brezovica
SI,009,Brežice
SI,010,Tišina
SI,011,Celje
SI,012,Cerklje na Gorenjskem
SI,013,Cerknica
SI,014,Cerkno
SI,015,Črenšovci
SI,016,Črna na Koroškem
SI,017,Črnomelj
SI,018,Destrnik
SI,019,Divača
SI,020,Dobrepolje
SI,021,Dobrova-Polhov Gradec
SI,022,Dol pri Ljubljani
SI,023,Domžale
SI,024,Dornava
SI,025,Dravograd
SI,026,Duplek
SI,027,Gorenja vas-Poljane
SI,028,Gorišnica
SI,029,Gornja Radgona
SI,030,Gornji Grad
SI,031,Gornji Petrovci
SI,032,Grosuplje
SI,033,Šalovci
SI,034,Hrastnik
SI,035,Hrpelje-Kozina
SI,036,Idrija
SI,037,Ig
SI,038,Ilirska Bistrica
SI,039,Ivančna Gorica
SI,040,Izola/Isola
SI,041,Jesenice
SI,042,Juršinci
SI,043,Kamnik
SI,044,Kanal
SI,045,Kidričevo
SI,046,Kobarid
SI,047,Kobilje
SI,048,Kočevje
SI,049,Komen
SI,050,Koper/Capodistria
SI,051,Kozje
SI,052,Kranj
SI,053,Kranjska Gora
SI,054,Krško
SI,055,Kungota
SI,056,Kuzma
SI,057,Laško
SI,058,Lenart
SI,059,Lendava/Lendva
SI,060,Litija
SI,061,Ljubljana
SI,062,Ljubno
SI,063,Ljutomer
SI,064,Logatec
SI,065,Loška dolina
SI,066,Loški Potok
SI,067,Luče
SI,068,Lukovica
SI,069,Majšperk
SI,070,Maribor
SI,071,Medvode
SI,072,Mengeš
SI,073,Metlika
SI,074,Mežica
SI,075,Miren-Kostanjevica
SI,076,Mislinja
SI,077,Moravče
SI,078,Moravske Toplice
SI,079,Mozirje
SI,080,Murska Sobota
SI,081,Muta
SI,082,Naklo
SI,083,Nazarje
SI,084,Nova Gorica
SI,085,Novo mesto
SI,086,Odranci
SI,087,Ormož
SI,088,Osilnica
SI,089,Pesnica
SI,090,Piran/Pirano
SI,091,Pivka
SI,092,Podčetrtek
SI,093,Podvelka
SI,094,Postojna
SI,095,Preddvor
SI,096,Ptuj
SI,097,Puconci
SI,098,Rače-Fram
SI,099,Radeče
SI,100,Radenci
SI,101,Radlje ob Dravi
SI,102,Radovljica
SI,103,Ravne na Koroškem
SI,104,Ribnica
SI,105,Rogašovci
SI,106,Rogaška Slatina
SI,107,Rogatec
SI,108,Ruše
SI,109,Semič
SI,110,Sevnica
SI,111,Sežana
SI,112,Slovenj Gradec
SI,113,Slovenska Bistrica
SI,114,Slovenske Konjice
SI,115,Starče
SI,116,Sveti Jurij
SI,117,Šenčur
SI,118,Šentilj
SI,119,Šentjernej
SI,120,Šentjur
SI,121,Škocjan
SI,122,Škofja Loka
SI,123,Škofljica
SI,124,Šmarje pri Jelšah
SI,125,Šmartno ob Paki
SI,126,Šoštanj
SI,127,Štore
SI,128,Tolmin
SI,129,Trbovlje
SI,130,Trebnje
SI,131,Tržič
SI,132,Turnišče
SI,133,Velenje
SI,134,Velike Lašče
SI,135,Videm
SI,136,Vipava
SI,137,Vitanje
SI,138,Vodice
SI,139,Vojnik
SI,140,Vrhnika
SI,141,Vuzenica
SI,142,Zagorje ob Savi
SI,143,Zavrč
SI,144,Zreče
SI,146,Železniki
SI,147,Žiri
SI,148,Benedikt
SI,149,Bistrica ob Sotli
SI,150,Bloke
SI,151,Braslovče
SI,152,Cankova
SI,153,Cerkvenjak
SI,154,Dobje
SI,155,Dobrna
SI,156,Dobrovnik/Dobronak
SI,157,Dolenjske Toplice
SI,158,Grad
SI,159,Hajdina
SI,160,Hoče-Slivnica
SI,161,Hodoš/Hodos
SI,162,Horjul
SI,163,Jezersko
SI,164,Komenda
SI,165,Kostel
SI,166,Križevci
SI,167,Lovrenc na Pohorju
SI,168,Markovci
SI,169,Miklavž na Dravskem polju
SI,170,Mirna Peč
SI,171,Oplotnica
SI,172,Podlehnik
SI,173,Polzela
SI,174,Prebold
SI,175,Prevalje
SI,176,Razkrižje
SI,177,Ribnica na Pohorju
SI,178,Selnica ob Dravi
SI,179,Sodražica
SI,180,Solčava
SI,181,Sveta Ana
SI,182,Sveta Andraž v Slovenskih Goricah
SI,183,Šempeter-Vrtojba
SI,184,Tabor
SI,185,Trnovska vas
SI,186,Trzin
SI,187,Velika Polana
SI,188,Veržej
SI,189,Vransko
SI,190,Žalec
SI,191,Žetale
SI,192,Žirovnica
SI,193,Žužemberk
SI,194,Šmartno pri Litiji
SI,195,Apače
SI,196,Cirkulane
SI,197,Kosanjevica na Krki
SI,198,Makole
SI,199,Mokronog-Trebelno
SI,200,Poljčane
SI,201,Renče-Vogrsko
SI,202,Središče ob Dravi
SI,203,Straža
SI,204,Sveta Trojica v Slovenskih Goricah
SI,205,Sveti Tomaž
SI,206,Šmarjeske Topliče
SI,207,Gorje
SI,208,Log-Dragomer
SI,209,Rečica ob Savinji
SI,210,Sveti Jurij v Slovenskih Goricah
SI,211,Šentrupert
SK,BC,Banskobystrický kraj
SK,BL,Bratislavský kraj
SK,KI,Košický kraj
SK,NI,Nitriansky kraj
SK,PV,Prešovský kraj
SK,TA,Trnavský kraj
SK,TC,Trenčiansky kraj
SK,ZI,Žilinský kraj
SL,E,Eastern
SL,N,Northern
SL,S,Southern (Sierra Leone)
SL,W,Western Area (Freetown)
SM,01,Acquaviva
SM,02,Chiesanuova
SM,03,Domagnano
SM,04,Faetano
SM,05,Fiorentino
SM,06,Borgo Maggiore
SM,07,San Marino
SM,08,Montegiardino
SM,09,Serravalle
SN,DB,Diourbel
SN,DK,Dakar
SN,FK,Fatick
SN,KA,Kaffrine
SN,KD,Kolda
SN,KE,Kédougou
SN,KL,Kaolack
SN,LG,Louga
SN,MT,Matam
SN,SE,Sédhiou
SN,SL,Saint-Louis
SN,TC,Tambacounda
SN,TH,Thiès
SN,ZG,Ziguinchor
SO,AW,Awdal
SO,BK,Bakool
SO,BN,Banaadir
SO,BR,Bari
SO,BY,Bay
SO,GA,Galguduud
SO,GE,Gedo
SO,HI,Hiirsan
SO,JD,Jubbada Dhexe
SO,JH,Jubbada Hoose
SO,MU,Mudug
SO,NU,Nugaal
SO,SA,Saneag
SO,SD,Shabeellaha Dhexe
SO,SH,Shabeellaha Hoose
SO,SO,Sool
SO,TO,Togdheer
SO,WO,Woqooyi Galbeed
SR,BR,Brokopondo
SR,CM,Commewijne
SR,CR,Coronie
SR,MA,Marowijne
SR,NI,Nickerie
SR,PM,Paramaribo
SR,PR,Para
SR,SA,Saramacca
SR,SI,Sipaliwini
SR,WA,Wanica
SS,BN,Northern Bahr el-Ghazal
SS,BW,Western Bahr el-Ghazal
SS,EC,Central Equatoria
SS,EE8,Eastern Equatoria
SS,EW,Western Equatoria
SS,JG,Jonglei
SS,LK,Lakes
SS,NU,Upper Nile
SS,UY,Unity
SS,WR,Warrap
ST,P,Príncipe
ST,S,São Tomé
SV,AH,Ahuachapán
SV,CA,Cabañas
SV,CH,Chalatenango
SV,CU,Cuscatlán
SV,LI,La Libertad
SV,MO,Morazán
SV,PA,La Paz
SV,SA,Santa Ana
SV,SM,San Miguel
SV,SO,Sonsonate
SV,SS,San Salvador
SV,SV,San Vicente
SV,UN,La Unión
SV,US,Usulután
SY,DI,Dimashq
SY,DR,Dar'a
SY,DY,Dayr az Zawr
SY,HA,Al Hasakah
SY,HI,Homs
SY,HL,Halab
SY,HM,Hamah
SY,ID,Idlib
SY,LA,Al Ladhiqiyah
SY,QU,Al Qunaytirah
SY,RA,Ar Raqqah
SY,RD,Rif Dimashq
SY,SU,As Suwayda'
SY,TA,Tartus
SZ,HH,Hhohho
SZ,LU,Lubombo
SZ,MA,Manzini
SZ,SH,Shiselweni
TD,BA,Al Baṭḩah
TD,BG,Baḩr al Ghazāl
TD,BO,Būrkū
TD,CB,Shārī Bāqirmī
TD,EN,Innīdī
TD,GR,Qīrā
TD,HL,Ḥajjar Lamīs
TD,KA,Kānim
TD,LC,Al Buḩayrah
TD,LO,Lūqūn al Gharbī
TD,LR,Lūqūn ash Sharqī
TD,MA,Māndūl
TD,MC,Shārī al Awsaṭ
TD,ME,Māyū Kībbī ash Sharqī
TD,MO,Māyū Kībbī al Gharbī
TD,ND,Madīnat Injamīnā
TD,OD,Waddāy
TD,SA,Salāmāt
TD,SI,Sīlā
TD,TA,Tānjilī
TD,TI,Tibastī
TD,WF,Wādī Fīrā
TG,C,Région du Centre
TG,K,Région de la Kara
TG,M,Région Maritime
TG,P,Région des Plateaux
TG,S,Région des Savannes
TH,10,Krung Thep Maha Nakhon Bangkok
TH,11,Samut Prakan
TH,12,Nonthaburi
TH,13,Pathum Thani
TH,14,Phra Nakhon Si Ayutthaya
TH,15,Ang Thong
TH,16,Lop Buri
TH,17,Sing Buri
TH,18,Chai Nat
TH,19,Saraburi
TH,20,Chon Buri
TH,21,Rayong
TH,22,Chanthaburi
TH,23,Trat
TH,24,Chachoengsao
TH,25,Prachin Buri
TH,26,Nakhon Nayok
TH,27,Sa Kaeo
TH,30,Nakhon Ratchasima
TH,31,Buri Ram
TH,32,Surin
TH,33,Si Sa Ket
TH,34,Ubon Ratchathani
TH,35,Yasothon
TH,36,Chaiyaphum
TH,37,Amnat Charoen
TH,39,Nong Bua Lam Phu
TH,40,Khon Kaen
TH,41,Udon Thani
TH,42,Loei
TH,43,Nong Khai
TH,44,Maha Sarakham
TH,45,Roi Et
TH,46,Kalasin
TH,47,Sakon Nakhon
TH,48,Nakhon Phanom
TH,49,Mukdahan
TH,50,Chiang Mai
TH,51,Lamphun
TH,52,Lampang
TH,53,Uttaradit
TH,54,Phrae
TH,55,Nan
TH,56,Phayao
TH,57,Chiang Rai
TH,58,Mae Hong Son
TH,60,Nakhon Sawan
TH,61,Uthai Thani
TH,62,Kamphaeng Phet
TH,63,Tak
TH,64,Sukhothai
TH,65,Phitsanulok
TH,66,Phichit
TH,67,Phetchabun
TH,70,Ratchaburi
TH,71,Kanchanaburi
TH,72,Suphan Buri
TH,73,Nakhon Pathom
TH,74,Samut Sakhon
TH,75,Samut Songkhram
TH,76,Phetchaburi
TH,77,Prachuap Khiri Khan
TH,80,Nakhon Si Thammarat
TH,81,Krabi
TH,82,Phangnga
TH,83,Phuket
TH,84,Surat Thani
TH,85,Ranong
TH,86,Chumphon
TH,90,Songkhla
TH,91,Satun
TH,92,Trang
TH,93,Phatthalung
TH,94,Pattani
TH,95,Yala
TH,96,Narathiwat
TH,S,Phatthaya
TJ,GB,Gorno-Badakhshan
TJ,KT,Khatlon
TJ,SU,Sughd
TL,AL,Aileu
TL,AN,Ainaro
TL,BA,Baucau
TL,BO,Bobonaro
TL,CO,Cova Lima
TL,DI,Díli
TL,ER,Ermera
TL,LA,Lautem
TL,LI,Liquiça
TL,MF,Manufahi
TL,MT,Manatuto
TL,OE,Oecussi
TL,VI,Viqueque
TM,A,Ahal
TM,B,Balkan
TM,D,Daşoguz
TM,L,Lebap
TM,M,Mary
TM,S,Aşgabat
TN,11,Tunis
TN,12,Ariana
TN,13,Ben Arous
TN,14,La Manouba
TN,21,Nabeul
TN,22,Zaghouan
TN,23,Bizerte
TN,31,Béja
TN,32,Jendouba
TN,33,Le Kef
TN,34,Siliana
TN,41,Kairouan
TN,42,Kasserine
TN,43,Sidi Bouzid
TN,51,Sousse
TN,52,Monastir
TN,53,Mahdia
TN,61,Sfax
TN,71,Gafsa
TN,72,Tozeur
TN,73,Kebili
TN,81,Gabès
TN,82,Medenine
TN,83,Tataouine
TO,01,'Eua
TO,02,Ha'apai
TO,03,Niuas
TO,04,Tongatapu
TO,05,Vava'u
TR,01,Adana
TR,02,Adıyaman
TR,03,Afyonkarahisar
TR,04,Ağrı
TR,05,Amasya
TR,06,Ankara
TR,07,Antalya
TR,08,Artvin
TR,09,Aydın
TR,10,Balıkesir
TR,11,Bilecik
TR,12,Bingöl
TR,13,Bitlis
TR,14,Bolu
TR,15,Burdur
TR,16,Bursa
TR,17,Çanakkale
TR,18,Çankırı
TR,19,Çorum
TR,20,Denizli
TR,21,Diyarbakır
TR,22,Edirne
TR,23,Elazığ
TR,24,Erzincan
TR,25,Erzurum
TR,26,Eskişehir
TR,27,Gaziantep
TR,28,Giresun
TR,29,Gümüşhane
TR,30,Hakkâri
TR,31,Hatay
TR,32,Isparta
TR,33,Mersin
TR,34,İstanbul
TR,35,İzmir
TR,36,Kars
TR,37,Kastamonu
TR,38,Kayseri
TR,39,Kırklareli
TR,40,Kırşehir
TR,41,Kocaeli
TR,42,Konya
TR,43,Kütahya
TR,44,Malatya
TR,45,Manisa
TR,46,Kahramanmaraş
TR,47,Mardin
TR,48,Muğla
TR,49,Muş
TR,50,Nevşehir
TR,51,Niğde
TR,52,Ordu
TR,53,Rize
TR,54,Sakarya
TR,55,Samsun
TR,56,Siirt
TR,57,Sinop
TR,58,Sivas
TR,59,Tekirdağ
TR,60,Tokat
TR,61,Trabzon
TR,62,Tunceli
TR,63,Şanlıurfa
TR,64,Uşak
TR,65,Van
TR,66,Yozgat
TR,67,Zonguldak
TR,68,Aksaray
TR,69,Bayburt
TR,70,Karaman
TR,71,Kırıkkale
TR,72,Batman
TR,73,Şırnak
TR,74,Bartın
TR,75,Ardahan
TR,76,Iğdır
TR,77,Yalova
TR,78,Karabük
TR,79,Kilis
TR,80,Osmaniye
TR,81,Düzce
TT,ARI,Arima
TT,CHA,Chaguanas
TT,CTT,Couva-Tabaquite-Talparo
TT,DMN,Diego Martin
TT,ETO,Eastern Tobago
TT,PED,Penal-Debe
TT,POS,Port of Spain
TT,PRT,Princes Town
TT,PTF,Point Fortin
TT,RCM,Rio Claro-Mayaro
TT,SFO,San Fernando
TT,SGE,Sangre Grande
TT,SIP,Siparia
TT,SJL,San Juan-Laventille
TT,TUP,Tunapuna-Piarco
TT,WTO,Western Tobago
TV,FUN,Funafuti
TV,NIT,Niutao
TV,NKF,Nukufetau
TV,NKL,Nukulaelae
TV,NMA,Nanumea
TV,NMG,Nanumanga
TV,NUI,Nui
TV,VAI,Vaitupu
TW,CHA,Changhua
TW,CYI,Chiay City
TW,CYQ,Chiayi
TW,HSQ,Hsinchu
TW,HSZ,Hsinchui City
TW,HUA,Hualien
TW,ILA,Ilan
TW,KEE,Keelung City
TW,KHH,Kaohsiung City
TW,KHQ,Kaohsiung
TW,MIA,Miaoli
TW,NAN,Nantou
TW,PEN,Penghu
TW,PIF,Pingtung
TW,TAO,Taoyuan
TW,TNN,Tainan City
TW,TNQ,Tainan
TW,TPE,Taipei City
TW,TPQ,Taipei
TW,TTT,Taitung
TW,TXG,Taichung City
TW,TXQ,Taichung
TW,YUN,Yunlin
TZ,01,Arusha
TZ,02,Dar-es-Salaam
TZ,03,Dodoma
TZ,04,Iringa
TZ,05,Kagera
TZ,06,Kaskazini Pemba
TZ,07,Kaskazini Unguja
TZ,08,Kigoma
TZ,09,Kilimanjaro
TZ,10,Kusini Pemba
TZ,11,Kusini Unguja
TZ,12,Lindi
TZ,13,Mara
TZ,14,Mbeya
TZ,15,Mjini Magharibi
TZ,16,Morogoro
TZ,17,Mtwara
TZ,18,Mwanza
TZ,19,Pwani
TZ,20,Rukwa
TZ,21,Ruvuma
TZ,22,Shinyanga
TZ,23,Singida
TZ,24,Tabora
TZ,25,Tanga
TZ,26,Manyara
UA,05,Vinnyts'ka Oblast'
UA,07,Volyns'ka Oblast'
UA,09,Luhans'ka Oblast'
UA,12,Dnipropetrovs'ka Oblast'
UA,14,Donets'ka Oblast'
UA,18,Zhytomyrs'ka Oblast'
UA,21,Zakarpats'ka Oblast'
UA,23,Zaporiz'ka Oblast'
UA,26,Ivano-Frankivs'ka Oblast'
UA,30,Kyïvs'ka mis'ka rada
UA,32,Kyïvs'ka Oblast'
UA,35,Kirovohrads'ka Oblast'
UA,40,Sevastopol
UA,43,Respublika Krym
UA,46,L'vivs'ka Oblast'
UA,48,Mykolaïvs'ka Oblast'
UA,51,Odes'ka Oblast'
UA,53,Poltavs'ka Oblast'
UA,56,Rivnens'ka Oblast'
UA,59,Sums 'ka Oblast'
UA,61,Ternopil's'ka Oblast'
UA,63,Kharkivs'ka Oblast'
UA,65,Khersons'ka Oblast'
UA,68,Khmel'nyts'ka Oblast'
UA,71,Cherkas'ka Oblast'
UA,74,Chernihivs'ka Oblast'
UA,77,Chernivets'ka Oblast'
UG,C,Central
UG,E,Eastern
UG,N,Northern
UG,W,Western
UM,67,Johnston Atoll
UM,71,Midway Islands
UM,76,Navassa Island
UM,79,Wake Island
UM,81,Baker Island
UM,84,Howland Island
UM,86,Jarvis Island
UM,89,Kingman Reef
UM,95,Palmyra Atoll
US,AK,Alaska
US,AL,Alabama
US,AR,Arkansas
US,AS,American Samoa
US,AZ,Arizona
US,CA,California
US,CO,Colorado
US,CT,Connecticut
US,DC,District of Columbia
US,DE,Delaware
US,FL,Florida
US,GA,Georgia
US,GU,Guam
US,HI,Hawaii
US,IA,Iowa
US,ID,Idaho
US,IL,Illinois
US,IN,Indiana
US,KS,Kansas
US,KY,Kentucky
US,LA,Louisiana
US,MA,Massachusetts
US,MD,Maryland
US,ME,Maine
US,MI,Michigan
US,MN,Minnesota
US,MO,Missouri
US,MP,Northern Mariana Islands
US,MS,Mississippi
US,MT,Montana
US,NC,North Carolina
US,ND,North Dakota
US,NE,Nebraska
US,NH,New Hampshire
US,NJ,New Jersey
US,NM,New Mexico
US,NV,Nevada
US,NY,New York
US,OH,Ohio
US,OK,Oklahoma
US,OR,Oregon
US,PA,Pennsylvania
US,PR,Puerto Rico
US,RI,Rhode Island
US,SC,South Carolina
US,SD,South Dakota
US,TN,Tennessee
US,TX,Texas
US,UM,United States Minor Outlying Islands
US,UT,Utah
US,VA,Virginia
US,VI,Virgin Islands
US,VT,Vermont
US,WA,Washington
US,WI,Wisconsin
US,WV,West Virginia
US,WY,Wyoming
US,AA,Armed Forces Americas (except Canada)
US,AE,"Armed Forces Africa, Canada, Europe, Middle East"
US,AP,Armed Forces Pacific
UY,AR,Artigas
UY,CA,Canelones
UY,CL,Cerro Largo
UY,CO,Colonia
UY,DU,Durazno
UY,FD,Florida
UY,FS,Flores
UY,LA,Lavalleja
UY,MA,Maldonado
UY,MO,Montevideo
UY,PA,Paysandú
UY,RN,Río Negro
UY,RO,Rocha
UY,RV,Rivera
UY,SA,Salto
UY,SJ,San José
UY,SO,Soriano
UY,TA,Tacuarembó
UY,TT,Treinta y Tres
UZ,AN,Andijon
UZ,BU,Buxoro
UZ,FA,Farg'ona
UZ,JI,Jizzax
UZ,NG,Namangan
UZ,NW,Navoiy
UZ,QA,Qashqadaryo
UZ,QR,Qoraqalpog'iston Respublikasi
UZ,SA,Samarqand
UZ,SI,Sirdaryo
UZ,SU,Surxondaryo
UZ,TK,Toshkent
UZ,TO,Toshkent
UZ,XO,Xorazm
VC,01,Charlotte
VC,02,Saint Andrew
VC,03,Saint David
VC,04,Saint George
VC,05,Saint Patrick
VC,06,Grenadines
VE,A,Distrito Federal
VE,B,Anzoátegui
VE,C,Apure
VE,D,Aragua
VE,E,Barinas
VE,F,Bolívar
VE,G,Carabobo
VE,H,Cojedes
VE,I,Falcón
VE,J,Guárico
VE,K,Lara
VE,L,Mérida
VE,M,Miranda
VE,N,Monagas
VE,O,Nueva Esparta
VE,P,Portuguesa
VE,R,Sucre
VE,S,Táchira
VE,T,Trujillo
VE,U,Yaracuy
VE,V,Zulia
VE,W,Dependencias Federales
VE,X,Vargas
VE,Y,Delta Amacuro
VE,Z,Amazonas
VN,01,Lai Châu
VN,02,Lào Cai
VN,03,Hà Giang
VN,04,Cao Bằng
VN,05,Sơn La
VN,06,Yên Bái
VN,07,Tuyên Quang
VN,09,Lạng Sơn
VN,13,Quảng Ninh
VN,14,Hoà Bình
VN,15,Hà Tây
VN,18,Ninh Bình
VN,20,Thái Bình
VN,21,Thanh Hóa
VN,22,Nghệ An
VN,23,Hà Tỉnh
VN,24,Quảng Bình
VN,25,Quảng Trị
VN,26,Thừa Thiên-Huế
VN,27,Quảng Nam
VN,28,Kon Tum
VN,29,Quảng Ngãi
VN,30,Gia Lai
VN,31,Bình Định
VN,32,Phú Yên
VN,33,Đắc Lắk
VN,34,Khánh Hòa
VN,35,Lâm Đồng
VN,36,Ninh Thuận
VN,37,Tây Ninh
VN,39,Đồng Nai
VN,40,Bình Thuận
VN,41,Long An
VN,43,Bà Rịa-Vũng Tàu
VN,44,An Giang
VN,45,Đồng Tháp
VN,46,Tiền Giang
VN,47,Kiên Giang
VN,49,Vĩnh Long
VN,50,Bến Tre
VN,51,Trà Vinh
VN,52,Sóc Trăng
VN,53,Bắc Kạn
VN,54,Bắc Giang
VN,55,Bạc Liêu
VN,56,Bắc Ninh
VN,57,Bình Dương
VN,58,Bình Phước
VN,59,Cà Mau
VN,61,Hải Duong
VN,63,Hà Nam
VN,66,Hưng Yên
VN,67,Nam Định
VN,68,Phú Thọ
VN,69,Thái Nguyên
VN,70,Vĩnh Phúc
VN,71,Điện Biên
VN,72,Đắk Nông
VN,73,Hậu Giang
VN,CT,Cần Thơ
VN,DN,Đà Nẵng
VN,HN,Hà Nội
VN,HP,Hải Phòng
VN,SG,Hồ Chí Minh [Sài Gòn]
VU,MAP,Malampa
VU,PAM,Pénama
VU,SAM,Sanma
VU,SEE,Shéfa
VU,TAE,Taféa
VU,TOB,Torba
WS,AA,A'ana
WS,AL,Aiga-i-le-Tai
WS,AT,Atua
WS,FA,Fa'asaleleaga
WS,GE,Gaga'emauga
WS,GI,Gagaifomauga
WS,PA,Palauli
WS,SA,Satupa'itea
WS,TU,Tuamasaga
WS,VF,Va'a-o-Fonoti
WS,VS,Vaisigano
YE,AB,Abyān
YE,AD,'Adan
YE,AM,'Amrān
YE,BA,Al Bayḑā'
YE,DA,Aḑ Ḑāli‘
YE,DH,Dhamār
YE,HD,Ḩaḑramawt
YE,HJ,Ḩajjah
YE,IB,Ibb
YE,JA,Al Jawf
YE,LA,Laḩij
YE,MA,Ma'rib
YE,MR,Al Mahrah
YE,MU,Al Ḩudaydah
YE,MW,Al Maḩwīt
YE,RA,Raymah
YE,SD,Şa'dah
YE,SH,Shabwah
YE,SN,Şan'ā'
YE,TA,Tā'izz
ZA,EC,Eastern Cape
ZA,FS,Free State
ZA,GT,Gauteng
ZA,LP,Limpopo
ZA,MP,Mpumalanga
ZA,NC,Northern Cape
ZA,NL,Kwazulu-Natal
ZA,NW,North-West (South Africa)
ZA,WC,Western Cape
ZM,01,Western
ZM,02,Central
ZM,03,Eastern
ZM,04,Luapula
ZM,05,Northern
ZM,06,North-Western
ZM,07,Southern (Zambia)
ZM,08,Copperbelt
ZM,09,Lusaka
ZW,BU,Bulawayo
ZW,HA,Harare
ZW,MA,Manicaland
ZW,MC,Mashonaland Central
ZW,ME,Mashonaland East
ZW,MI,Midlands
ZW,MN,Matabeleland North
ZW,MS,Matabeleland South
ZW,MV,Masvingo
ZW,MW,Mashonaland West
